asset_id,exact_filename,class,location,surface,desktop_mobile_role,semantic_role,interaction_state_role,transparency_requirement,canonical_status,implementation_status,source_replacement_relationship,implementation_notes
FMD-SRC-LEGACY-FOREST-001,forest_path.jpg,SOURCE,Forest,Threshold,Historical desktop source,Historical Visual Source Set v0,Reference only,No,HISTORICAL-CANONICAL-EVIDENCE,DONE,assets/images/rooms/forest_path.jpg,Preserve unchanged; do not delete or overwrite during migration.
FMD-SRC-LEGACY-CABIN-001,cabin_exterior.jpg,SOURCE,Cabin Exterior,Threshold,Historical desktop source,Historical Visual Source Set v0,Reference only,No,HISTORICAL-CANONICAL-EVIDENCE,DONE,assets/images/rooms/cabin_exterior.jpg,Preserve unchanged; do not delete or overwrite during migration.
FMD-SRC-LEGACY-ENTRY-001,explorer_entry.jpg,SOURCE,Explorer Entry,Threshold,Historical desktop source,Historical Visual Source Set v0,Reference only,No,HISTORICAL-CANONICAL-EVIDENCE,DONE,assets/images/rooms/explorer_entry.jpg,Preserve unchanged; do not delete or overwrite during migration.
FMD-SRC-LEGACY-MAIN-001,main_studio.jpg,SOURCE,Main Studio / legacy Wall,Hub / Room,Historical desktop source,Historical Visual Source Set v0,Reference only,No,HISTORICAL-CANONICAL-EVIDENCE,DONE,assets/images/rooms/main_studio.jpg,Preserve unchanged; do not delete or overwrite during migration.
FMD-SRC-LEGACY-LIB-001,library.jpg,SOURCE,Library,Room,Historical desktop source,Historical Visual Source Set v0,Reference only,No,HISTORICAL-CANONICAL-EVIDENCE,DONE,assets/images/rooms/library.jpg,Preserve unchanged; do not delete or overwrite during migration.
FMD-SRC-LEGACY-WORK-001,workshop.jpg,SOURCE,Workshop,Room,Historical desktop source,Historical Visual Source Set v0,Reference only,No,HISTORICAL-CANONICAL-EVIDENCE,DONE,assets/images/rooms/workshop.jpg,Preserve unchanged; do not delete or overwrite during migration.
FMD-SRC-LEGACY-WALLDJ-001,architecture_wall_dj.jpg,SOURCE,Meet DJ,Person Surface,Historical desktop source,Historical Visual Source Set v0,Reference only,No,HISTORICAL-CANONICAL-EVIDENCE,DONE,assets/images/rooms/architecture_wall_dj.jpg,Preserve unchanged; do not delete or overwrite during migration.
FMD-SRC-LEGACY-OBS-001,observatory.jpg,SOURCE,Observatory,Room,Historical desktop source,Historical Visual Source Set v0,Reference only,No,HISTORICAL-CANONICAL-EVIDENCE,DONE,assets/images/rooms/observatory.jpg,Preserve unchanged; do not delete or overwrite during migration.
FMD-SRC-LEGACY-MEET-001,services.jpg,SOURCE,Meeting Table,Room,Historical desktop source,Historical Visual Source Set v0,Reference only,No,HISTORICAL-CANONICAL-EVIDENCE,DONE,assets/images/rooms/services.jpg,Preserve unchanged; do not delete or overwrite during migration.
FMD-SRC-LEGACY-OUT-001,store.jpg,SOURCE,Explorer Outfitters,Room,Historical desktop source,Historical Visual Source Set v0,Reference only,No,HISTORICAL-CANONICAL-EVIDENCE,DONE,assets/images/rooms/store.jpg,Preserve unchanged; do not delete or overwrite during migration.
FMD-SRC-LEGACY-ARCHBANNER-001,architecture-series-banner.jpg,SOURCE,Library,Series Surface,Historical desktop source,Historical Visual Source Set v0,Reference only,No,HISTORICAL-CANONICAL-EVIDENCE,DONE,assets/images/books/architecture-series-banner.jpg,Preserve unchanged; do not delete or overwrite during migration.
FMD-SRC-LEGACY-FIELDBANNER-001,field-guide-wild-side-banner.jpg,SOURCE,Library,Series Surface,Historical desktop source,Historical Visual Source Set v0,Reference only,No,HISTORICAL-CANONICAL-EVIDENCE,DONE,assets/images/books/field-guide-wild-side-banner.jpg,Preserve unchanged; do not delete or overwrite during migration.
FMD-DIR-ARCHIVED-001,A Home for Curious Minds.png,DIRECTION,Cabin Exterior,Visual Direction,Desktop reference,Composition lineage,Reference only,No,ARCHIVED-DIRECTION-EVIDENCE,DONE,FluxMintDigital_Website_Canonical_Package/Assets/archived/A Home for Curious Minds.png,Preserve archived direction; not a literal implementation asset.
FMD-DIR-ARCHIVED-002,Cozy Mountain Library at Sunset.png,DIRECTION,Library,Visual Direction,Desktop reference,Composition lineage,Reference only,No,ARCHIVED-DIRECTION-EVIDENCE,DONE,FluxMintDigital_Website_Canonical_Package/Assets/archived/Cozy Mountain Library at Sunset.png,Preserve archived direction; not a literal implementation asset.
FMD-DIR-ARCHIVED-003,Explorer Outfitters: A Kinder Tomorrow.png,DIRECTION,Explorer Outfitters,Visual Direction,Desktop reference,Composition lineage,Reference only,No,ARCHIVED-DIRECTION-EVIDENCE,DONE,FluxMintDigital_Website_Canonical_Package/Assets/archived/Explorer Outfitters: A Kinder Tomorrow.png,Preserve archived direction; not a literal implementation asset.
FMD-DIR-ARCHIVED-004,FluxMint Mountain Studio at Golden Hour meeting table.png,DIRECTION,Meeting Table,Visual Direction,Desktop reference,Composition lineage,Reference only,No,ARCHIVED-DIRECTION-EVIDENCE,DONE,FluxMintDigital_Website_Canonical_Package/Assets/archived/FluxMint Mountain Studio at Golden Hour meeting table.png,Preserve archived direction; not a literal implementation asset.
FMD-DIR-ARCHIVED-005,FluxMintDigital Creator Workspace.png,DIRECTION,Meet DJ,Visual Direction,Desktop reference,Composition lineage,Reference only,No,ARCHIVED-DIRECTION-EVIDENCE,DONE,FluxMintDigital_Website_Canonical_Package/Assets/archived/FluxMintDigital Creator Workspace.png,Preserve archived direction; not a literal implementation asset.
FMD-DIR-ARCHIVED-006,FluxMintDigital Inspiration Studio.png,DIRECTION,Architecture Wall,Visual Direction,Desktop reference,Composition lineage,Reference only,No,ARCHIVED-DIRECTION-EVIDENCE,DONE,FluxMintDigital_Website_Canonical_Package/Assets/archived/FluxMintDigital Inspiration Studio.png,Preserve archived direction; not a literal implementation asset.
FMD-DIR-ARCHIVED-007,FluxMintDigital Mountain Workshop.png,DIRECTION,Workshop,Visual Direction,Desktop reference,Composition lineage,Reference only,No,ARCHIVED-DIRECTION-EVIDENCE,DONE,FluxMintDigital_Website_Canonical_Package/Assets/archived/FluxMintDigital Mountain Workshop.png,Preserve archived direction; not a literal implementation asset.
FMD-DIR-ARCHIVED-008,Golden-Hour Observatory of Curiosity.png,DIRECTION,Observatory,Visual Direction,Desktop reference,Composition lineage,Reference only,No,SUPERSEDED-DIRECTION-EVIDENCE,DONE,FluxMintDigital_Website_Canonical_Package/Assets/archived/Golden-Hour Observatory of Curiosity.png,Earlier pet-bearing Observatory direction; superseded and excluded from production.
FMD-DIR-ARCHIVED-009,Ideas Find a Home Here.png,DIRECTION,Main Studio,Visual Direction,Desktop reference,Composition lineage,Reference only,No,ARCHIVED-DIRECTION-EVIDENCE,DONE,FluxMintDigital_Website_Canonical_Package/Assets/archived/Ideas Find a Home Here.png,Preserve archived direction; not a literal implementation asset.
FMD-DIR-ARCHIVED-010,Misty Forest Path to the Studio.png,DIRECTION,Forest,Visual Direction,Desktop reference,Composition lineage,Reference only,No,ARCHIVED-DIRECTION-EVIDENCE,DONE,FluxMintDigital_Website_Canonical_Package/Assets/archived/Misty Forest Path to the Studio.png,Preserve archived direction; not a literal implementation asset.
FMD-DIR-ARCHIVED-011,Step Into What Matters.png,DIRECTION,Explorer Entry,Visual Direction,Desktop reference,Composition lineage,Reference only,No,ARCHIVED-DIRECTION-EVIDENCE,DONE,FluxMintDigital_Website_Canonical_Package/Assets/archived/Step Into What Matters.png,Preserve archived direction; not a literal implementation asset.
FMD-DIR-ARCHIVED-012,The Meeting Table: Ideas in the Mountains.png,DIRECTION,Meeting Table,Visual Direction,Desktop reference,Composition lineage,Reference only,No,SUPERSEDED-DIRECTION-EVIDENCE,DONE,FluxMintDigital_Website_Canonical_Package/Assets/archived/The Meeting Table: Ideas in the Mountains.png,Earlier over-branded Meeting Table direction; superseded and excluded from production.
FMD-ACTUAL-FMD-UI-ARTIFACT-BOOK-DETAIL-MOBILE-DEFAULT-V001,FMD_UI_ARTIFACT_BOOK_DETAIL_MOBILE_DEFAULT_v001.png,SPECIMEN,Artifact Surface,Approved UI / Surface Specimen,Mobile,Approved visual ground truth,Flattened reference; reproduce semantic controls/states in code,No,APPROVED-VISUAL-GROUND-TRUTH,DONE,FMD_UI_ARTIFACT_BOOK_DETAIL_MOBILE_DEFAULT_v001.png,"Opaque full-screen specimen; DONE as reference, not directly usable as semantic UI or clean scene layer."
FMD-ACTUAL-FMD-SCENE-CABINEXTERIOR-BASE-MOBILE-DEFAULT-V001,FMD_SCENE_CABINEXTERIOR_BASE_MOBILE_DEFAULT_v001.png,SCENE,Cabin Exterior,Scene Environment,Mobile,Approved visual ground truth,Flattened reference; reproduce semantic controls/states in code,No,APPROVED-VISUAL-GROUND-TRUTH,DONE,FluxMintDigital_Website_Canonical_Package/Assets/final/FMD_SCENE_CABINEXTERIOR_BASE_MOBILE_DEFAULT_v001.png,"Filename says BASE but inspected pixels contain live header/copy/CTA and may contain noncanonical animals; retain as approved composition reference, not clean implementation base."
FMD-ACTUAL-FMD-SCENE-EXPLORERENTRY-BASE-MOBILE-DEFAULT-V001,FMD_SCENE_EXPLORERENTRY_BASE_MOBILE_DEFAULT_v001.png,SCENE,Explorer Entry,Scene Environment,Mobile,Approved visual ground truth,Flattened reference; reproduce semantic controls/states in code,No,APPROVED-VISUAL-GROUND-TRUTH,DONE,FluxMintDigital_Website_Canonical_Package/Assets/final/FMD_SCENE_EXPLORERENTRY_BASE_MOBILE_DEFAULT_v001.png,"Filename says BASE but inspected pixels contain live header/copy/CTA and may contain noncanonical animals; retain as approved composition reference, not clean implementation base."
FMD-ACTUAL-FMD-SCENE-FOREST-BASE-MOBILE-DEFAULT-V001,FMD_SCENE_FOREST_BASE_MOBILE_DEFAULT_v001.png,SCENE,Forest,Scene Environment,Mobile,Approved visual ground truth,Flattened reference; reproduce semantic controls/states in code,No,APPROVED-VISUAL-GROUND-TRUTH,DONE,FluxMintDigital_Website_Canonical_Package/Assets/final/FMD_SCENE_FOREST_BASE_MOBILE_DEFAULT_v001.png,"Filename says BASE but inspected pixels contain live header/copy/CTA and may contain noncanonical animals; retain as approved composition reference, not clean implementation base."
FMD-ACTUAL-FMD-SCENE-MAINSTUDIO-BASE-DESKTOP-DEFAULT-V001,FMD_SCENE_MAINSTUDIO_BASE_DESKTOP_DEFAULT_v001.png,SCENE,Main Studio,Scene Environment,Desktop,Clean canonical Main Studio desktop environment,Base layer; Desk/Map/thresholds remain code/overlays,No,APPROVED-PRODUCTION-ASSET,DONE,FluxMintDigital_Website_Canonical_Package/Assets/final/FMD_SCENE_MAINSTUDIO_BASE_DESKTOP_DEFAULT_v001.png,Usable desktop base scene. Preserve intrinsic 1536x1024 master.
FMD-ACTUAL-FMD-SCENE-MAINSTUDIO-BASE-MOBILE-DEFAULT-V001,FMD_SCENE_MAINSTUDIO_BASE_MOBILE_DEFAULT_v001.png,SCENE,Main Studio,Scene Environment,Mobile,Approved visual ground truth,Flattened reference; reproduce semantic controls/states in code,No,APPROVED-VISUAL-GROUND-TRUTH,DONE,FluxMintDigital_Website_Canonical_Package/Assets/final/FMD_SCENE_MAINSTUDIO_BASE_MOBILE_DEFAULT_v001.png,"Filename says BASE but inspected pixels contain live header/copy/CTA and may contain noncanonical animals; retain as approved composition reference, not clean implementation base."
FMD-ACTUAL-FMD-UI-404-LOST-TRAIL-DESKTOP-DEFAULT-V001,FMD_UI_404_LOST_TRAIL_DESKTOP_DEFAULT_v001.png,SPECIMEN,404,Approved UI / Surface Specimen,Desktop,Approved visual ground truth,Flattened reference; reproduce semantic controls/states in code,No,APPROVED-VISUAL-GROUND-TRUTH,DONE,FluxMintDigital_Website_Canonical_Package/Assets/final/FMD_UI_404_LOST_TRAIL_DESKTOP_DEFAULT_v001.png,"Opaque full-screen specimen; DONE as reference, not directly usable as semantic UI or clean scene layer."
FMD-ACTUAL-FMD-UI-ARCHITECTUREWALL-LANDING-MOBILE-DEFAULT-V001,FMD_UI_ARCHITECTUREWALL_LANDING_MOBILE_DEFAULT_v001.png,SPECIMEN,Architecture Wall,Approved UI / Surface Specimen,Mobile,Approved visual ground truth,Flattened reference; reproduce semantic controls/states in code,No,APPROVED-VISUAL-GROUND-TRUTH,DONE,FluxMintDigital_Website_Canonical_Package/Assets/final/FMD_UI_ARCHITECTUREWALL_LANDING_MOBILE_DEFAULT_v001.png,"Opaque full-screen specimen; DONE as reference, not directly usable as semantic UI or clean scene layer."
FMD-ACTUAL-FMD-UI-ARCHIVE-HISTORY-DESKTOP-DEFAULT-V001,FMD_UI_ARCHIVE_HISTORY_DESKTOP_DEFAULT_v001.png,SPECIMEN,Archive / History,Approved UI / Surface Specimen,Desktop,Approved visual ground truth,Flattened reference; reproduce semantic controls/states in code,No,APPROVED-VISUAL-GROUND-TRUTH,DONE,FluxMintDigital_Website_Canonical_Package/Assets/final/FMD_UI_ARCHIVE_HISTORY_DESKTOP_DEFAULT_v001.png,"Opaque full-screen specimen; DONE as reference, not directly usable as semantic UI or clean scene layer."
FMD-ACTUAL-FMD-UI-ARCHIVE-MOBILE-DEFAULT-V001,FMD_UI_ARCHIVE_MOBILE_DEFAULT_v001.png,SPECIMEN,Archive / History,Approved UI / Surface Specimen,Mobile,Approved visual ground truth,Flattened reference; reproduce semantic controls/states in code,No,APPROVED-VISUAL-GROUND-TRUTH,DONE,FluxMintDigital_Website_Canonical_Package/Assets/final/FMD_UI_ARCHIVE_MOBILE_DEFAULT_v001.png,"Opaque full-screen specimen; DONE as reference, not directly usable as semantic UI or clean scene layer."
FMD-ACTUAL-FMD-UI-ARTIFACT-APP-DETAIL-DESKTOP-DEFAULT-V001,FMD_UI_ARTIFACT_APP_DETAIL_DESKTOP_DEFAULT_v001.png,SPECIMEN,Artifact Surface,Approved UI / Surface Specimen,Desktop,Approved visual ground truth,Flattened reference; reproduce semantic controls/states in code,No,APPROVED-VISUAL-GROUND-TRUTH,DONE,FluxMintDigital_Website_Canonical_Package/Assets/final/FMD_UI_ARTIFACT_APP_DETAIL_DESKTOP_DEFAULT_v001.png,"Opaque full-screen specimen; DONE as reference, not directly usable as semantic UI or clean scene layer."
FMD-ACTUAL-FMD-UI-ARTIFACT-BOOK-DETAIL-DESKTOP-DEFAULT-V001,FMD_UI_ARTIFACT_BOOK_DETAIL_DESKTOP_DEFAULT_v001.png,SPECIMEN,Artifact Surface,Approved UI / Surface Specimen,Desktop,Approved visual ground truth,Flattened reference; reproduce semantic controls/states in code,No,APPROVED-VISUAL-GROUND-TRUTH,DONE,FluxMintDigital_Website_Canonical_Package/Assets/final/FMD_UI_ARTIFACT_BOOK_DETAIL_DESKTOP_DEFAULT_v001.png,"Opaque full-screen specimen; DONE as reference, not directly usable as semantic UI or clean scene layer."
FMD-ACTUAL-FMD-UI-ARTIFACT-ESSAY-DETAIL-DESKTOP-DEFAULT-V001,FMD_UI_ARTIFACT_ESSAY_DETAIL_DESKTOP_DEFAULT_v001.png,SPECIMEN,Artifact Surface,Approved UI / Surface Specimen,Desktop,Approved visual ground truth,Flattened reference; reproduce semantic controls/states in code,No,APPROVED-VISUAL-GROUND-TRUTH,DONE,FluxMintDigital_Website_Canonical_Package/Assets/final/FMD_UI_ARTIFACT_ESSAY_DETAIL_DESKTOP_DEFAULT_v001.png,"Opaque full-screen specimen; DONE as reference, not directly usable as semantic UI or clean scene layer."
FMD-ACTUAL-FMD-UI-ARTIFACT-FRAMEWORK-DETAIL-DESKTOP-DEFAULT-V001,FMD_UI_ARTIFACT_FRAMEWORK_DETAIL_DESKTOP_DEFAULT_v001.png,SPECIMEN,Artifact Surface,Approved UI / Surface Specimen,Desktop,Approved visual ground truth,Flattened reference; reproduce semantic controls/states in code,No,APPROVED-VISUAL-GROUND-TRUTH,DONE,FluxMintDigital_Website_Canonical_Package/Assets/final/FMD_UI_ARTIFACT_FRAMEWORK_DETAIL_DESKTOP_DEFAULT_v001.png,"Opaque full-screen specimen; DONE as reference, not directly usable as semantic UI or clean scene layer."
FMD-ACTUAL-FMD-UI-ARTIFACT-UNAVAILABLE-DESKTOP-DEFAULT-V001,FMD_UI_ARTIFACT_UNAVAILABLE_DESKTOP_DEFAULT_v001.png,SPECIMEN,Artifact Surface,Approved UI / Surface Specimen,Desktop,Approved visual ground truth,Flattened reference; reproduce semantic controls/states in code,No,APPROVED-VISUAL-GROUND-TRUTH,DONE,FluxMintDigital_Website_Canonical_Package/Assets/final/FMD_UI_ARTIFACT_UNAVAILABLE_DESKTOP_DEFAULT_v001.png,"Opaque full-screen specimen; DONE as reference, not directly usable as semantic UI or clean scene layer."
FMD-ACTUAL-FMD-UI-ERROR-MOBILE-DEFAULT-V001,FMD_UI_ERROR_MOBILE_DEFAULT_v001.png,SPECIMEN,Error,Approved UI / Surface Specimen,Mobile,Approved visual ground truth,Flattened reference; reproduce semantic controls/states in code,No,APPROVED-VISUAL-GROUND-TRUTH,DONE,FluxMintDigital_Website_Canonical_Package/Assets/final/FMD_UI_ERROR_MOBILE_DEFAULT_v001.png,"Opaque full-screen specimen; DONE as reference, not directly usable as semantic UI or clean scene layer."
FMD-ACTUAL-FMD-UI-EXPLOREROUTFITTERS-LANDING-DESKTOP-DEFAULT-V001,FMD_UI_EXPLOREROUTFITTERS_LANDING_DESKTOP_DEFAULT_v001.png,SPECIMEN,Explorer Outfitters,Approved UI / Surface Specimen,Desktop,Approved visual ground truth,Flattened reference; reproduce semantic controls/states in code,No,APPROVED-VISUAL-GROUND-TRUTH,DONE,FluxMintDigital_Website_Canonical_Package/Assets/final/FMD_UI_EXPLOREROUTFITTERS_LANDING_DESKTOP_DEFAULT_v001.png,"Opaque full-screen specimen; DONE as reference, not directly usable as semantic UI or clean scene layer."
FMD-ACTUAL-FMD-UI-EXPLOREROUTFITTERS-LANDING-MOBILE-DEFAULT-V001,FMD_UI_EXPLOREROUTFITTERS_LANDING_MOBILE_DEFAULT_v001.png,SPECIMEN,Explorer Outfitters,Approved UI / Surface Specimen,Mobile,Approved visual ground truth,Flattened reference; reproduce semantic controls/states in code,No,APPROVED-VISUAL-GROUND-TRUTH,DONE,FluxMintDigital_Website_Canonical_Package/Assets/final/FMD_UI_EXPLOREROUTFITTERS_LANDING_MOBILE_DEFAULT_v001.png,"Opaque full-screen specimen; DONE as reference, not directly usable as semantic UI or clean scene layer."
FMD-ACTUAL-FMD-UI-LIBRARY-LANDING-DESKTOP-DEFAULT-V001,FMD_UI_LIBRARY_LANDING_DESKTOP_DEFAULT_v001.png,SPECIMEN,Library,Approved UI / Surface Specimen,Desktop,Approved visual ground truth,Flattened reference; reproduce semantic controls/states in code,No,APPROVED-VISUAL-GROUND-TRUTH,DONE,FluxMintDigital_Website_Canonical_Package/Assets/final/FMD_UI_LIBRARY_LANDING_DESKTOP_DEFAULT_v001.png,"Opaque full-screen specimen; DONE as reference, not directly usable as semantic UI or clean scene layer."
FMD-ACTUAL-FMD-UI-LIBRARY-LANDING-MOBILE-DEFAULT-V001,FMD_UI_LIBRARY_LANDING_MOBILE_DEFAULT_v001.png,SPECIMEN,Library,Approved UI / Surface Specimen,Mobile,Approved visual ground truth,Flattened reference; reproduce semantic controls/states in code,No,APPROVED-VISUAL-GROUND-TRUTH,DONE,FluxMintDigital_Website_Canonical_Package/Assets/final/FMD_UI_LIBRARY_LANDING_MOBILE_DEFAULT_v001.png,"Opaque full-screen specimen; DONE as reference, not directly usable as semantic UI or clean scene layer."
FMD-ACTUAL-FMD-UI-MAINSTUDIO-DESKNOW-DESKTOP-DEFAULT-V001,FMD_UI_MAINSTUDIO_DESKNOW_DESKTOP_DEFAULT_v001.png,SPECIMEN,Main Studio,Approved UI / Surface Specimen,Desktop,Approved visual ground truth,Flattened reference; reproduce semantic controls/states in code,No,APPROVED-VISUAL-GROUND-TRUTH,DONE,FluxMintDigital_Website_Canonical_Package/Assets/final/FMD_UI_MAINSTUDIO_DESKNOW_DESKTOP_DEFAULT_v001.png,"Opaque full-screen specimen; DONE as reference, not directly usable as semantic UI or clean scene layer."
FMD-ACTUAL-FMD-UI-MAINSTUDIO-DESKNOW-MOBILE-DEFAULT-V001,FMD_UI_MAINSTUDIO_DESKNOW_MOBILE_DEFAULT_v001.png,SPECIMEN,Main Studio,Approved UI / Surface Specimen,Mobile,Approved visual ground truth,Flattened reference; reproduce semantic controls/states in code,No,APPROVED-VISUAL-GROUND-TRUTH,DONE,FluxMintDigital_Website_Canonical_Package/Assets/final/FMD_UI_MAINSTUDIO_DESKNOW_MOBILE_DEFAULT_v001.png,"Opaque full-screen specimen; DONE as reference, not directly usable as semantic UI or clean scene layer."
FMD-ACTUAL-FMD-UI-MAINSTUDIO-STUDIOMAP-DESKTOP-DEFAULT-V001,FMD_UI_MAINSTUDIO_STUDIOMAP_DESKTOP_DEFAULT_v001.png,SPECIMEN,Main Studio,Approved UI / Surface Specimen,Desktop,Approved visual ground truth,Flattened reference; reproduce semantic controls/states in code,No,APPROVED-VISUAL-GROUND-TRUTH,DONE,FluxMintDigital_Website_Canonical_Package/Assets/final/FMD_UI_MAINSTUDIO_STUDIOMAP_DESKTOP_DEFAULT_v001.png,"Opaque full-screen specimen; DONE as reference, not directly usable as semantic UI or clean scene layer."
FMD-ACTUAL-FMD-UI-MAINSTUDIO-STUDIOMAP-MOBILE-DEFAULT-V001,FMD_UI_MAINSTUDIO_STUDIOMAP_MOBILE_DEFAULT_v001.png,SPECIMEN,Main Studio,Approved UI / Surface Specimen,Mobile,Approved visual ground truth,Flattened reference; reproduce semantic controls/states in code,No,APPROVED-VISUAL-GROUND-TRUTH,DONE,FluxMintDigital_Website_Canonical_Package/Assets/final/FMD_UI_MAINSTUDIO_STUDIOMAP_MOBILE_DEFAULT_v001.png,"Opaque full-screen specimen; DONE as reference, not directly usable as semantic UI or clean scene layer."
FMD-ACTUAL-FMD-UI-MEETDJ-LANDING-DESKTOP-DEFAULT-V001,FMD_UI_MEETDJ_LANDING_DESKTOP_DEFAULT_v001.png,SPECIMEN,Meet DJ,Approved UI / Surface Specimen,Desktop,Approved visual ground truth,Flattened reference; reproduce semantic controls/states in code,No,APPROVED-VISUAL-GROUND-TRUTH,DONE,FluxMintDigital_Website_Canonical_Package/Assets/final/FMD_UI_MEETDJ_LANDING_DESKTOP_DEFAULT_v001.png,"Opaque full-screen specimen; DONE as reference, not directly usable as semantic UI or clean scene layer."
FMD-ACTUAL-FMD-UI-MEETDJ-LANDING-MOBILE-DEFAULT-V001,FMD_UI_MEETDJ_LANDING_MOBILE_DEFAULT_v001.png,SPECIMEN,Meet DJ,Approved UI / Surface Specimen,Mobile,Approved visual ground truth,Flattened reference; reproduce semantic controls/states in code,No,APPROVED-VISUAL-GROUND-TRUTH,DONE,FluxMintDigital_Website_Canonical_Package/Assets/final/FMD_UI_MEETDJ_LANDING_MOBILE_DEFAULT_v001.png,"Opaque full-screen specimen; DONE as reference, not directly usable as semantic UI or clean scene layer."
FMD-ACTUAL-FMD-UI-MEETINGTABLE-LANDING-DESKTOP-DEFAULT-V001,FMD_UI_MEETINGTABLE_LANDING_DESKTOP_DEFAULT_v001.png,SPECIMEN,Meeting Table,Approved UI / Surface Specimen,Desktop,Approved visual ground truth,Flattened reference; reproduce semantic controls/states in code,No,APPROVED-VISUAL-GROUND-TRUTH,DONE,FluxMintDigital_Website_Canonical_Package/Assets/final/FMD_UI_MEETINGTABLE_LANDING_DESKTOP_DEFAULT_v001.png,"Opaque full-screen specimen; DONE as reference, not directly usable as semantic UI or clean scene layer."
FMD-ACTUAL-FMD-UI-MEETINGTABLE-LANDING-MOBILE-DEFAULT-V001,FMD_UI_MEETINGTABLE_LANDING_MOBILE_DEFAULT_v001.png,SPECIMEN,Meeting Table,Approved UI / Surface Specimen,Mobile,Approved visual ground truth,Flattened reference; reproduce semantic controls/states in code,No,APPROVED-VISUAL-GROUND-TRUTH,DONE,FluxMintDigital_Website_Canonical_Package/Assets/final/FMD_UI_MEETINGTABLE_LANDING_MOBILE_DEFAULT_v001.png,"Opaque full-screen specimen; DONE as reference, not directly usable as semantic UI or clean scene layer."
FMD-ACTUAL-FMD-UI-OBSERVATORY-LANDING-DESKTOP-DEFAULT-V001,FMD_UI_OBSERVATORY_LANDING_DESKTOP_DEFAULT_v001.png,SPECIMEN,Observatory,Approved UI / Surface Specimen,Desktop,Approved visual ground truth,Flattened reference; reproduce semantic controls/states in code,No,APPROVED-VISUAL-GROUND-TRUTH,DONE,FluxMintDigital_Website_Canonical_Package/Assets/final/FMD_UI_OBSERVATORY_LANDING_DESKTOP_DEFAULT_v001.png,"Opaque full-screen specimen; DONE as reference, not directly usable as semantic UI or clean scene layer."
FMD-ACTUAL-FMD-UI-OBSERVATORY-LANDING-MOBILE-DEFAULT-V001,FMD_UI_OBSERVATORY_LANDING_MOBILE_DEFAULT_v001.png,SPECIMEN,Observatory,Approved UI / Surface Specimen,Mobile,Approved visual ground truth,Flattened reference; reproduce semantic controls/states in code,No,APPROVED-VISUAL-GROUND-TRUTH,DONE,FluxMintDigital_Website_Canonical_Package/Assets/final/FMD_UI_OBSERVATORY_LANDING_MOBILE_DEFAULT_v001.png,"Opaque full-screen specimen; DONE as reference, not directly usable as semantic UI or clean scene layer."
FMD-ACTUAL-FMD-UI-RELATIONSHIP-EXPLORER-DESKTOP-DEFAULT-V001,FMD_UI_RELATIONSHIP_EXPLORER_DESKTOP_DEFAULT_v001.png,SPECIMEN,Relationship Explorer,Approved UI / Surface Specimen,Desktop,Approved visual ground truth,Flattened reference; reproduce semantic controls/states in code,No,APPROVED-VISUAL-GROUND-TRUTH,DONE,FluxMintDigital_Website_Canonical_Package/Assets/final/FMD_UI_RELATIONSHIP_EXPLORER_DESKTOP_DEFAULT_v001.png,"Opaque full-screen specimen; DONE as reference, not directly usable as semantic UI or clean scene layer."
FMD-ACTUAL-FMD-UI-RELATIONSHIP-EXPLORER-MOBILE-DEFAULT-V001,FMD_UI_RELATIONSHIP_EXPLORER_MOBILE_DEFAULT_v001.png,SPECIMEN,Relationship Explorer,Approved UI / Surface Specimen,Mobile,Approved visual ground truth,Flattened reference; reproduce semantic controls/states in code,No,APPROVED-VISUAL-GROUND-TRUTH,DONE,FluxMintDigital_Website_Canonical_Package/Assets/final/FMD_UI_RELATIONSHIP_EXPLORER_MOBILE_DEFAULT_v001.png,"Opaque full-screen specimen; DONE as reference, not directly usable as semantic UI or clean scene layer."
FMD-ACTUAL-FMD-UI-SEARCH-EMPTY-DESKTOP-DEFAULT-V001,FMD_UI_SEARCH_EMPTY_DESKTOP_DEFAULT_v001.png,SPECIMEN,Search,Approved UI / Surface Specimen,Desktop,Approved visual ground truth,Flattened reference; reproduce semantic controls/states in code,No,APPROVED-VISUAL-GROUND-TRUTH,DONE,FluxMintDigital_Website_Canonical_Package/Assets/final/FMD_UI_SEARCH_EMPTY_DESKTOP_DEFAULT_v001.png,"Opaque full-screen specimen; DONE as reference, not directly usable as semantic UI or clean scene layer."
FMD-ACTUAL-FMD-UI-SEARCH-MOBILE-DEFAULT-V001,FMD_UI_SEARCH_MOBILE_DEFAULT_v001.png,SPECIMEN,Search,Approved UI / Surface Specimen,Mobile,Approved visual ground truth,Flattened reference; reproduce semantic controls/states in code,No,APPROVED-VISUAL-GROUND-TRUTH,DONE,FluxMintDigital_Website_Canonical_Package/Assets/final/FMD_UI_SEARCH_MOBILE_DEFAULT_v001.png,"Opaque full-screen specimen; DONE as reference, not directly usable as semantic UI or clean scene layer."
FMD-ACTUAL-FMD-UI-SEARCH-RESULTS-DESKTOP-DEFAULT-V001,FMD_UI_SEARCH_RESULTS_DESKTOP_DEFAULT_v001.png,SPECIMEN,Search,Approved UI / Surface Specimen,Desktop,Approved visual ground truth,Flattened reference; reproduce semantic controls/states in code,No,APPROVED-VISUAL-GROUND-TRUTH,DONE,FluxMintDigital_Website_Canonical_Package/Assets/final/FMD_UI_SEARCH_RESULTS_DESKTOP_DEFAULT_v001.png,"Opaque full-screen specimen; DONE as reference, not directly usable as semantic UI or clean scene layer."
FMD-ACTUAL-FMD-UI-TECHNICAL-FALLBACK-DESKTOP-DEFAULT-V001,FMD_UI_TECHNICAL_FALLBACK_DESKTOP_DEFAULT_v001.png,SPECIMEN,Technical Fallback,Approved UI / Surface Specimen,Desktop,Approved visual ground truth,Flattened reference; reproduce semantic controls/states in code,No,APPROVED-VISUAL-GROUND-TRUTH,DONE,FluxMintDigital_Website_Canonical_Package/Assets/final/FMD_UI_TECHNICAL_FALLBACK_DESKTOP_DEFAULT_v001.png,Opaque reference specimen; file extension is PNG but encoded format reports JPEG. Fallback behavior belongs in code; pet shown is noncanonical.
FMD-ACTUAL-FMD-UI-UNAVAILABLE-MOBILE-DEFAULT-V001,FMD_UI_UNAVAILABLE_MOBILE_DEFAULT_v001.png,SPECIMEN,Global,Approved UI / Surface Specimen,Mobile,Approved visual ground truth,Flattened reference; reproduce semantic controls/states in code,No,APPROVED-VISUAL-GROUND-TRUTH,DONE,FluxMintDigital_Website_Canonical_Package/Assets/final/FMD_UI_UNAVAILABLE_MOBILE_DEFAULT_v001.png,"Opaque full-screen specimen; DONE as reference, not directly usable as semantic UI or clean scene layer."
FMD-ACTUAL-FMD-UI-WORKSHOP-LANDING-DESKTOP-DEFAULT-V001,FMD_UI_WORKSHOP_LANDING_DESKTOP_DEFAULT_v001.png,SPECIMEN,Workshop,Approved UI / Surface Specimen,Desktop,Approved visual ground truth,Flattened reference; reproduce semantic controls/states in code,No,APPROVED-VISUAL-GROUND-TRUTH,DONE,FluxMintDigital_Website_Canonical_Package/Assets/final/FMD_UI_WORKSHOP_LANDING_DESKTOP_DEFAULT_v001.png,"Opaque full-screen specimen; DONE as reference, not directly usable as semantic UI or clean scene layer."
FMD-ACTUAL-FMD-UI-WORKSHOP-LANDING-MOBILE-DEFAULT-V001,FMD_UI_WORKSHOP_LANDING_MOBILE_DEFAULT_v001.png,SPECIMEN,Workshop,Approved UI / Surface Specimen,Mobile,Approved visual ground truth,Flattened reference; reproduce semantic controls/states in code,No,APPROVED-VISUAL-GROUND-TRUTH,DONE,FluxMintDigital_Website_Canonical_Package/Assets/final/FMD_UI_WORKSHOP_LANDING_MOBILE_DEFAULT_v001.png,"Opaque full-screen specimen; DONE as reference, not directly usable as semantic UI or clean scene layer."
FMD-REQ-SCENE-FOREST-DESKTOP,FMD_SCENE_FOREST_BASE_DESKTOP_DEFAULT_v001.png,SCENE,Forest,Scene Environment,Desktop,Clean canonical environment,Base; no flattened UI or truth-bearing text,No,APPROVED-PRODUCTION-ASSET,DONE,FluxMintDigital_Website_Canonical_Package/Assets/final/FMD_SCENE_FOREST_BASE_DESKTOP_DEFAULT_v001.png,"Validated 1536×1024 PNG srgb opaque=true; human-approved clean scene master. Approved environmental lettering/decoration is visual ground truth; live navigation, controls, Artifact facts and state remain code/data-driven."
FMD-REQ-SCENE-FOREST-MOBILE,FMD_SCENE_FOREST_BASE_MOBILE_DEFAULT_v002.png,SCENE,Forest,Scene Environment,Mobile,Clean deliberate mobile environment,Base; independent mobile target map; no flattened UI,No,APPROVED-PRODUCTION-ASSET,DONE,FluxMintDigital_Website_Canonical_Package/Assets/final/FMD_SCENE_FOREST_BASE_MOBILE_DEFAULT_v002.png,"Validated 941×1671 PNG srgb opaque=true; human-approved clean scene master. Approved environmental lettering/decoration is visual ground truth; live navigation, controls, Artifact facts and state remain code/data-driven."
FMD-REQ-SCENE-CABINEXTERIOR-DESKTOP,FMD_SCENE_CABINEXTERIOR_BASE_DESKTOP_DEFAULT_v001.png,SCENE,Cabin Exterior,Scene Environment,Desktop,Clean canonical environment,Base; no flattened UI or truth-bearing text,No,APPROVED-PRODUCTION-ASSET,DONE,FluxMintDigital_Website_Canonical_Package/Assets/final/FMD_SCENE_CABINEXTERIOR_BASE_DESKTOP_DEFAULT_v001.png,"Validated 1536×1024 PNG srgb opaque=true; human-approved clean scene master. Approved environmental lettering/decoration is visual ground truth; live navigation, controls, Artifact facts and state remain code/data-driven."
FMD-REQ-SCENE-CABINEXTERIOR-MOBILE,FMD_SCENE_CABINEXTERIOR_BASE_MOBILE_DEFAULT_v002.png,SCENE,Cabin Exterior,Scene Environment,Mobile,Clean deliberate mobile environment,Base; independent mobile target map; no flattened UI,No,APPROVED-PRODUCTION-ASSET,DONE,FluxMintDigital_Website_Canonical_Package/Assets/final/FMD_SCENE_CABINEXTERIOR_BASE_MOBILE_DEFAULT_v002.png,"Validated 941×1670 PNG srgb opaque=true; human-approved clean scene master. Approved environmental lettering/decoration is visual ground truth; live navigation, controls, Artifact facts and state remain code/data-driven."
FMD-REQ-SCENE-EXPLORERENTRY-DESKTOP,FMD_SCENE_EXPLORERENTRY_BASE_DESKTOP_DEFAULT_v001.png,SCENE,Explorer Entry,Scene Environment,Desktop,Clean canonical environment,Base; no flattened UI or truth-bearing text,No,APPROVED-PRODUCTION-ASSET,DONE,FluxMintDigital_Website_Canonical_Package/Assets/final/FMD_SCENE_EXPLORERENTRY_BASE_DESKTOP_DEFAULT_v001.png,"Validated 1536×1024 PNG srgb opaque=true; human-approved clean scene master. Approved environmental lettering/decoration is visual ground truth; live navigation, controls, Artifact facts and state remain code/data-driven."
FMD-REQ-SCENE-EXPLORERENTRY-MOBILE,FMD_SCENE_EXPLORERENTRY_BASE_MOBILE_DEFAULT_v002.png,SCENE,Explorer Entry,Scene Environment,Mobile,Clean deliberate mobile environment,Base; independent mobile target map; no flattened UI,No,APPROVED-PRODUCTION-ASSET,DONE,FluxMintDigital_Website_Canonical_Package/Assets/final/FMD_SCENE_EXPLORERENTRY_BASE_MOBILE_DEFAULT_v002.png,"Validated 942×1670 PNG srgb opaque=true; human-approved clean scene master. Approved environmental lettering/decoration is visual ground truth; live navigation, controls, Artifact facts and state remain code/data-driven."
FMD-REQ-SCENE-MAINSTUDIO-MOBILE,FMD_SCENE_MAINSTUDIO_BASE_MOBILE_DEFAULT_v003.png,SCENE,Main Studio,Scene Environment,Mobile,Clean deliberate mobile environment,Base; independent mobile target map; no flattened UI,No,APPROVED-PRODUCTION-ASSET,DONE,FluxMintDigital_Website_Canonical_Package/Assets/final/FMD_SCENE_MAINSTUDIO_BASE_MOBILE_DEFAULT_v003.png,"Validated 853×1844 genuine PNG srgb opaque=true; no pet, person, baked Room navigation, CTA, copy, cards, or truth-bearing UI. Aperture remains primary identity. Deliberate vertical composition supports independent Desk/Now, Studio Map, and Room-threshold overlays. Supersedes v002 for implementation; v002 remains preserved evidence. SHA-256 f51afe136c82de1f8d8e7580e8e898aaeaf1213b568df8924be62f07f13ed0c0."
FMD-REQ-SCENE-LIBRARY-DESKTOP,FMD_SCENE_LIBRARY_BASE_DESKTOP_DEFAULT_v001.png,SCENE,Library,Scene Environment,Desktop,Clean canonical environment,Base; no flattened UI or truth-bearing text,No,APPROVED-PRODUCTION-ASSET,DONE,FluxMintDigital_Website_Canonical_Package/Assets/final/FMD_SCENE_LIBRARY_BASE_DESKTOP_DEFAULT_v001.png,"Validated 1536×1024 PNG srgb opaque=true; human-approved clean scene master. Approved environmental lettering/decoration is visual ground truth; live navigation, controls, Artifact facts and state remain code/data-driven."
FMD-REQ-SCENE-LIBRARY-MOBILE,FMD_SCENE_LIBRARY_BASE_MOBILE_DEFAULT_v002.png,SCENE,Library,Scene Environment,Mobile,Clean deliberate mobile environment,Base; independent mobile target map; no flattened UI,No,APPROVED-PRODUCTION-ASSET,DONE,FluxMintDigital_Website_Canonical_Package/Assets/final/FMD_SCENE_LIBRARY_BASE_MOBILE_DEFAULT_v002.png,"Validated 942×1670 PNG srgb opaque=true; human-approved clean scene master. Approved environmental lettering/decoration is visual ground truth; live navigation, controls, Artifact facts and state remain code/data-driven."
FMD-REQ-SCENE-WORKSHOP-DESKTOP,FMD_SCENE_WORKSHOP_BASE_DESKTOP_DEFAULT_v001.png,SCENE,Workshop,Scene Environment,Desktop,Clean canonical environment,Base; no flattened UI or truth-bearing text,No,APPROVED-PRODUCTION-ASSET,DONE,FluxMintDigital_Website_Canonical_Package/Assets/final/FMD_SCENE_WORKSHOP_BASE_DESKTOP_DEFAULT_v001.png,"Validated 1536×1024 PNG srgb opaque=true; human-approved clean scene master. Approved environmental lettering/decoration is visual ground truth; live navigation, controls, Artifact facts and state remain code/data-driven."
FMD-REQ-SCENE-WORKSHOP-MOBILE,FMD_SCENE_WORKSHOP_BASE_MOBILE_DEFAULT_v002.png,SCENE,Workshop,Scene Environment,Mobile,Clean deliberate mobile environment,Base; independent mobile target map; no flattened UI,No,APPROVED-PRODUCTION-ASSET,DONE,FluxMintDigital_Website_Canonical_Package/Assets/final/FMD_SCENE_WORKSHOP_BASE_MOBILE_DEFAULT_v002.png,"Validated 942×1669 PNG srgb opaque=true; human-approved clean scene master. Approved environmental lettering/decoration is visual ground truth; live navigation, controls, Artifact facts and state remain code/data-driven."
FMD-REQ-SCENE-ARCHITECTUREWALL-DESKTOP,FMD_SCENE_ARCHITECTUREWALL_BASE_DESKTOP_DEFAULT_v002.png,SCENE,Architecture Wall,Scene Environment,Desktop,Clean canonical environment,Base; no flattened UI or truth-bearing text,No,APPROVED-PRODUCTION-ASSET,DONE,FluxMintDigital_Website_Canonical_Package/Assets/final/FMD_SCENE_ARCHITECTUREWALL_BASE_DESKTOP_DEFAULT_v002.png,"Validated genuine 1536×1024 8-bit opaque sRGB PNG; pet-free and person-free. v002 is the canonical implementation master and supersedes pet-bearing v001, which remains preserved as visual evidence. Environmental diagrams, papers, text and notes are atmospheric only; live navigation, claims, evidence, confidence, contradictions, lineage, governance and AEG warrant remain code/data-driven. SHA-256 6c7a5690fc3ec27ed4010a43aebba04f18b62693d5f407230992f00262527987."
FMD-REQ-SCENE-ARCHITECTUREWALL-MOBILE,FMD_SCENE_ARCHITECTUREWALL_BASE_MOBILE_DEFAULT_v003.png,SCENE,Architecture Wall,Scene Environment,Mobile,Clean deliberate mobile environment,Base; independent mobile target map; no flattened UI,No,APPROVED-PRODUCTION-ASSET,DONE,FluxMintDigital_Website_Canonical_Package/Assets/final/FMD_SCENE_ARCHITECTUREWALL_BASE_MOBILE_DEFAULT_v003.png,"Validated genuine 942×1669 8-bit opaque sRGB PNG; deliberate pet-free and person-free mobile composition. v003 is the canonical implementation master and supersedes pet-bearing v002, which remains preserved as visual evidence. Environmental diagrams, papers, text and notes are atmospheric only; live navigation, claims, evidence, confidence, contradictions, lineage, governance and AEG warrant remain code/data-driven. SHA-256 073883ebca9233b3b11564827ca5530b23100ceced7fc9c59c53c07e1626fe9c."
FMD-REQ-SCENE-OBSERVATORY-DESKTOP,FMD_SCENE_OBSERVATORY_BASE_DESKTOP_DEFAULT_v002.png,SCENE,Observatory,Scene Environment,Desktop,Clean canonical environment,Base; no flattened UI or truth-bearing text,No,APPROVED-PRODUCTION-ASSET,DONE,FluxMintDigital_Website_Canonical_Package/Assets/final/FMD_SCENE_OBSERVATORY_BASE_DESKTOP_DEFAULT_v002.png,"Validated genuine 1536×1024 8-bit opaque sRGB PNG; pet-free and person-free. v002 is the canonical implementation master and supersedes pet-bearing v001, which remains preserved as visual evidence. Telescope, horizon and observation identity are atmospheric; live article metadata, forms, topics, chronology, navigation and epistemic posture remain code/data-driven. SHA-256 607a1a53508136368e1a7b10d43072b07be28dbc5e3a5457b7622420fa125c75."
FMD-REQ-SCENE-OBSERVATORY-MOBILE,FMD_SCENE_OBSERVATORY_BASE_MOBILE_DEFAULT_v003.png,SCENE,Observatory,Scene Environment,Mobile,Clean deliberate mobile environment,Base; independent mobile target map; no flattened UI,No,APPROVED-PRODUCTION-ASSET,DONE,FluxMintDigital_Website_Canonical_Package/Assets/final/FMD_SCENE_OBSERVATORY_BASE_MOBILE_DEFAULT_v003.png,"Validated genuine 942×1669 8-bit opaque sRGB PNG; deliberate pet-free and person-free mobile composition. v003 is the canonical implementation master and supersedes pet-bearing v002, which remains preserved as visual evidence. Telescope, horizon and observation identity are atmospheric; live article metadata, forms, topics, chronology, navigation and epistemic posture remain code/data-driven. SHA-256 7687e972d4b1d81ae8175e92caa6ac5214d41f77228f810539916c045b67bbf5."
FMD-REQ-SCENE-MEETINGTABLE-DESKTOP,FMD_SCENE_MEETINGTABLE_BASE_DESKTOP_DEFAULT_v001.png,SCENE,Meeting Table,Scene Environment,Desktop,Clean canonical environment,Base; no flattened UI or truth-bearing text,No,APPROVED-PRODUCTION-ASSET,DONE,FluxMintDigital_Website_Canonical_Package/Assets/final/FMD_SCENE_MEETINGTABLE_BASE_DESKTOP_DEFAULT_v001.png,"Validated 1536×1024 PNG srgb opaque=true; human-approved clean scene master. Approved environmental lettering/decoration is visual ground truth; live navigation, controls, Artifact facts and state remain code/data-driven."
FMD-REQ-SCENE-MEETINGTABLE-MOBILE,FMD_SCENE_MEETINGTABLE_BASE_MOBILE_DEFAULT_v002.png,SCENE,Meeting Table,Scene Environment,Mobile,Clean deliberate mobile environment,Base; independent mobile target map; no flattened UI,No,APPROVED-PRODUCTION-ASSET,DONE,FluxMintDigital_Website_Canonical_Package/Assets/final/FMD_SCENE_MEETINGTABLE_BASE_MOBILE_DEFAULT_v002.png,"Validated 941×1672 PNG srgb opaque=true; human-approved clean scene master. Approved environmental lettering/decoration is visual ground truth; live navigation, controls, Artifact facts and state remain code/data-driven."
FMD-REQ-SCENE-EXPLOREROUTFITTERS-DESKTOP,FMD_SCENE_EXPLOREROUTFITTERS_BASE_DESKTOP_DEFAULT_v001.png,SCENE,Explorer Outfitters,Scene Environment,Desktop,Clean canonical environment,Base; no flattened UI or truth-bearing text,No,APPROVED-PRODUCTION-ASSET,DONE,FluxMintDigital_Website_Canonical_Package/Assets/final/FMD_SCENE_EXPLOREROUTFITTERS_BASE_DESKTOP_DEFAULT_v001.png,"Validated 1536×1024 PNG srgb opaque=true; human-approved clean scene master. Approved environmental lettering/decoration is visual ground truth; live navigation, controls, Artifact facts and state remain code/data-driven."
FMD-REQ-SCENE-EXPLOREROUTFITTERS-MOBILE,FMD_SCENE_EXPLOREROUTFITTERS_BASE_MOBILE_DEFAULT_v002.png,SCENE,Explorer Outfitters,Scene Environment,Mobile,Clean deliberate mobile environment,Base; independent mobile target map; no flattened UI,No,APPROVED-PRODUCTION-ASSET,DONE,FluxMintDigital_Website_Canonical_Package/Assets/final/FMD_SCENE_EXPLOREROUTFITTERS_BASE_MOBILE_DEFAULT_v002.png,"Validated 941×1672 PNG srgb opaque=true; human-approved clean scene master. Approved environmental lettering/decoration is visual ground truth; live navigation, controls, Artifact facts and state remain code/data-driven."
FMD-REQ-SCENE-MEETDJ-DESKTOP,FMD_SCENE_MEETDJ_BASE_DESKTOP_DEFAULT_v001.png,SCENE,Meet DJ,Scene Environment,Desktop,Clean canonical environment,Base; no flattened UI or truth-bearing text,No,APPROVED-PRODUCTION-ASSET,DONE,FluxMintDigital_Website_Canonical_Package/Assets/final/FMD_SCENE_MEETDJ_BASE_DESKTOP_DEFAULT_v001.png,"Validated 1536×1024 PNG srgb opaque=true; human-approved clean scene master. Approved environmental lettering/decoration is visual ground truth; live navigation, controls, Artifact facts and state remain code/data-driven."
FMD-REQ-SCENE-MEETDJ-MOBILE,FMD_SCENE_MEETDJ_BASE_MOBILE_DEFAULT_v002.png,SCENE,Meet DJ,Scene Environment,Mobile,Clean deliberate mobile environment,Base; independent mobile target map; no flattened UI,No,APPROVED-PRODUCTION-ASSET,DONE,FluxMintDigital_Website_Canonical_Package/Assets/final/FMD_SCENE_MEETDJ_BASE_MOBILE_DEFAULT_v002.png,"Validated 1024×1536 PNG srgb opaque=true; human-approved clean scene master. Approved environmental lettering/decoration is visual ground truth; live navigation, controls, Artifact facts and state remain code/data-driven."
FMD-REQ-CHAR-MEETDJ-001,FMD_CHAR_MEETDJ_REALISTIC_RESPONSIVE_IDLE_v001.png,CHAR,Meet DJ,Person Surface,Responsive,Superseded realistic illustrated DJ identity,Historical rollback evidence,Yes,SUPERSEDED-PRODUCTION-EVIDENCE,NO LONGER REQUIRED,FluxMintDigital_Website_Canonical_Package/Assets/final/FMD_CHAR_MEETDJ_REALISTIC_RESPONSIVE_IDLE_v001.png,Preserved byte-identically as rollback evidence and excluded from public delivery. SHA-256 6d4cd969e356109f66d17ee2ae844ce273a38c6d727f1e95f0c683c46dc7697a. Superseded by the DJ-approved responsive likeness compositions; no longer referenced by the Meet DJ Surface.
FMD-IMPORT-BRAND-001,FMD_SOURCE_GLOBAL_APERTURE_BRANDSHEET_MASTER_v001.svg,BRAND,Global,Brand System,Source master,Primary/reversed/mono/app/favicon/wordmark source,Reference only,Vector transparency supported,CANONICAL-SOURCE,DONE,FluxMintDigital_Website_Canonical_Package/Assets/source/FMD_SOURCE_GLOBAL_APERTURE_BRANDSHEET_MASTER_v001.svg,Newly established canonical vector master superseding the unavailable historical vector. Valid SVG 1200×1320 viewBox; browser-rendered and visually accepted; no scripts embedded raster images or external references. Registered SHA-256 5fc27bb8da71d599bb912b25017932334db6b01fc3d6a6d712756dedf865aec3.
FMD-IMPORT-BOOK-001,FMD_SOURCE_LIBRARY_ARCHITECTUREOFBEINGHUMAN_VOL01_COVER_v001.png,SOURCE,Library,Artifact Surface,Source master,Actual approved Volume I cover,Reference only,Opaque,CANONICAL-SOURCE,DONE,FluxMintDigital_Website_Canonical_Package/Assets/source/FMD_SOURCE_LIBRARY_ARCHITECTUREOFBEINGHUMAN_VOL01_COVER_v001.png,Validated genuine 1086×1448 8-bit RGB opaque sRGB PNG. Visual inspection confirms The Architecture of Being Human / Volume I cover identity. SHA-256 b23f61e0a65fa3e2ff9b006d09e4eef089aa42492171089603fa56f70be6ec9b. Published/Public lifecycle and availability remain data-driven.
FMD-IMPORT-DJ-001,FMD_SOURCE_MEETDJ_APPROVED_LIKENESS_REFERENCE_v001.png,SOURCE,Meet DJ,Identity Reference,Desktop source master,DJ-approved wide likeness composition,Reference only,Opaque,DJ-APPROVED-SOURCE,DONE,FluxMintDigital_Website_Canonical_Package/Assets/source/FMD_SOURCE_MEETDJ_APPROVED_LIKENESS_REFERENCE_v001.png,Validated genuine 1672×941 opaque sRGB PNG. SHA-256 adc20153e4dd254468b420f9c451ad9169798da01c4e5e8e4a7ae0d292de1612. Supersedes the prior JPEG source contract while committed Git history preserves that evidence. Excluded from public output.
FMD-IMPORT-DJ-002,FMD_SOURCE_MEETDJ_APPROVED_LIKENESS_REFERENCE_v002.png,SOURCE,Meet DJ,Identity Reference,Mobile source master,DJ-approved portrait likeness composition,Reference only,Opaque,DJ-APPROVED-SOURCE,DONE,FluxMintDigital_Website_Canonical_Package/Assets/source/FMD_SOURCE_MEETDJ_APPROVED_LIKENESS_REFERENCE_v002.png,Validated genuine 941×1672 opaque sRGB PNG. SHA-256 0d1dcbc598f3bc28b7f461c85a6cd3a04f226a7986dc6360310a08c7ea65e2ce. Deliberate compact composition. Excluded from public output.
FMD-CANDIDATE-SCENE-MEETDJ-DESKTOP-003,FMD_SCENE_MEETDJ_LIKENESS_DESKTOP_DEFAULT_v003.webp,SCENE,Meet DJ,Person Surface,Desktop/wide,DJ likeness and inhabited workspace,Responsive scene composition,Opaque,APPROVED-PRODUCTION-ASSET,DONE,FMD_SOURCE_MEETDJ_APPROVED_LIKENESS_REFERENCE_v001.png,Native 1672×941 WebP derivative at quality 90; 267888 bytes; SHA-256 9564829bb2fdb4950ac4b80d23bc70b79300ee49a4592f22de0ac016f68dbff8. DJ human visual gate approved; canonical at widths 768px and above.
FMD-CANDIDATE-SCENE-MEETDJ-MOBILE-003,FMD_SCENE_MEETDJ_LIKENESS_MOBILE_DEFAULT_v003.webp,SCENE,Meet DJ,Person Surface,Compact/mobile,DJ likeness and inhabited workspace,Responsive scene composition,Opaque,APPROVED-PRODUCTION-ASSET,DONE,FMD_SOURCE_MEETDJ_APPROVED_LIKENESS_REFERENCE_v002.png,Native 941×1672 WebP derivative at quality 90; 251706 bytes; SHA-256 ba02180ef9cbd4d90d744908d0f48aeb426460bc3a6100ea5e316b4546dfc486. DJ human visual gate approved; canonical below 768px.
FMD-CODE-BRAND-001,,CODE,Global,Brand System,Responsive,Aperture/wordmark rendering and variants,Semantic interactive/state behavior,CSS/SVG as needed,CANONICAL-CODE-OWNED,IMPLEMENT IN CODE,Approved desktop/mobile specimens,"Do not flatten truth-bearing text, navigation, state, results, prices, relationships or controls into raster assets."
FMD-CODE-MOTIF-001,,CODE,Global,Environmental Motif,Responsive,Mountain motif placement; never corporate identity,Semantic interactive/state behavior,CSS/SVG as needed,CANONICAL-CODE-OWNED,IMPLEMENT IN CODE,Approved desktop/mobile specimens,"Do not flatten truth-bearing text, navigation, state, results, prices, relationships or controls into raster assets."
FMD-CODE-HEADER-001,,CODE,Global,Navigation,Responsive,Desktop/mobile header and semantic navigation,Semantic interactive/state behavior,CSS/SVG as needed,CANONICAL-CODE-OWNED,IMPLEMENT IN CODE,Approved desktop/mobile specimens,"Do not flatten truth-bearing text, navigation, state, results, prices, relationships or controls into raster assets."
FMD-CODE-SEARCH-001,,CODE,Global,Search Surface,Responsive,Search form/results/empty state,Semantic interactive/state behavior,CSS/SVG as needed,CANONICAL-CODE-OWNED,IMPLEMENT IN CODE,Approved desktop/mobile specimens,"Final systems pass advanced: client-side semantic search indexes only canonical public Rooms, Artifacts and Observatory posts; query, result and empty states remain accessible code with durable canonical targets."
FMD-CODE-BREADCRUMB-001,,CODE,Global,Orientation,Responsive,Breadcrumbs and location receipts,Semantic interactive/state behavior,CSS/SVG as needed,CANONICAL-CODE-OWNED,IMPLEMENT IN CODE,Approved desktop/mobile specimens,"Do not flatten truth-bearing text, navigation, state, results, prices, relationships or controls into raster assets."
FMD-CODE-HOTSPOT-001,,CODE,Rooms,Immersive Surface,Responsive,Object/threshold indicators and target regions,Semantic interactive/state behavior,CSS/SVG as needed,CANONICAL-CODE-OWNED,IMPLEMENT IN CODE,Approved desktop/mobile specimens,"Do not flatten truth-bearing text, navigation, state, results, prices, relationships or controls into raster assets."
FMD-CODE-THRESHOLD-001,,CODE,Main Studio / Rooms,Navigation,Responsive,Room threshold states and labels,Semantic interactive/state behavior,CSS/SVG as needed,CANONICAL-CODE-OWNED,IMPLEMENT IN CODE,Approved desktop/mobile specimens,"Do not flatten truth-bearing text, navigation, state, results, prices, relationships or controls into raster assets."
FMD-CODE-STUDIOMAP-001,,CODE,Main Studio,Orientation Surface,Responsive,Interactive Studio Map and semantic equivalent,Semantic interactive/state behavior,CSS/SVG as needed,CANONICAL-CODE-OWNED,IMPLEMENT IN CODE,Approved desktop/mobile specimens,"Do not flatten truth-bearing text, navigation, state, results, prices, relationships or controls into raster assets."
FMD-CODE-DESKNOW-001,,CODE,Main Studio,Temporal Surface,Responsive,Data-driven 3-5 current Artifacts,Semantic interactive/state behavior,CSS/SVG as needed,CANONICAL-CODE-OWNED,IMPLEMENT IN CODE,Approved desktop/mobile specimens,"Do not flatten truth-bearing text, navigation, state, results, prices, relationships or controls into raster assets."
FMD-CODE-ARTIFACT-001,,CODE,Artifact Surfaces,Artifact Detail,Responsive,Book/App/Essay/Framework layouts and truth-bearing fields,Semantic interactive/state behavior,CSS/SVG as needed,CANONICAL-CODE-OWNED,IMPLEMENT IN CODE,Approved desktop/mobile specimens,"Do not flatten truth-bearing text, navigation, state, results, prices, relationships or controls into raster assets."
FMD-CODE-SERIES-001,,CODE,Library,Series Surface,Responsive,Series access/order/navigation,Semantic interactive/state behavior,CSS/SVG as needed,CANONICAL-CODE-OWNED,IMPLEMENT IN CODE,Approved desktop/mobile specimens,"Do not flatten truth-bearing text, navigation, state, results, prices, relationships or controls into raster assets."
FMD-CODE-WORKSTATE-001,,CODE,Workshop,Artifact Surface,Responsive,Current Build/prototype/workstation access,Semantic interactive/state behavior,CSS/SVG as needed,CANONICAL-CODE-OWNED,IMPLEMENT IN CODE,Approved desktop/mobile specimens,"Do not flatten truth-bearing text, navigation, state, results, prices, relationships or controls into raster assets."
FMD-CODE-WALL-001,,CODE,Architecture Wall,Research Surface,Responsive,Aperture control and framework/program/experiment/application access,Semantic interactive/state behavior,CSS/SVG as needed,CANONICAL-CODE-OWNED,IMPLEMENT IN CODE,Approved desktop/mobile specimens,"Do not flatten truth-bearing text, navigation, state, results, prices, relationships or controls into raster assets."
FMD-CODE-AEG-001,,CODE,Architecture Wall,Research Surface,Responsive,Claims/evidence/warrant/contradictions/lineage/candidate/canonical UI,Semantic interactive/state behavior,CSS/SVG as needed,CANONICAL-CODE-OWNED,IMPLEMENT IN CODE,Approved desktop/mobile specimens,"Do not flatten truth-bearing text, navigation, state, results, prices, relationships or controls into raster assets."
FMD-CODE-OBSERVATION-001,,CODE,Observatory,Current Surface,Responsive,Current Field Note/observation access,Semantic interactive/state behavior,CSS/SVG as needed,CANONICAL-CODE-OWNED,IMPLEMENT IN CODE,Approved desktop/mobile specimens,"Do not flatten truth-bearing text, navigation, state, results, prices, relationships or controls into raster assets."
FMD-CODE-ARCHIVE-001,,CODE,Observatory / Rooms,History Surface,Responsive,Archive/history/filter states,Semantic interactive/state behavior,CSS/SVG as needed,CANONICAL-CODE-OWNED,IMPLEMENT IN CODE,Approved desktop/mobile specimens,"Do not flatten truth-bearing text, navigation, state, results, prices, relationships or controls into raster assets."
FMD-CODE-INTAKE-001,,CODE,Meeting Table,Collaboration Surface,Responsive,Notebook/brief/blueprint interaction and form state,Semantic interactive/state behavior,CSS/SVG as needed,CANONICAL-CODE-OWNED,IMPLEMENT IN CODE,Approved desktop/mobile specimens,"Phase 7 advanced: responsive semantic scene controls and a local-only accessible intake draft now implement describe, clarify, scope and decide; no submission endpoint, pricing, public-client claim or automatic Workshop handoff is implied. Code-owned work remains tracked in this category until the implementation program closes."
FMD-CODE-COMMERCE-001,,CODE,Explorer Outfitters,Acquisition Surface,Responsive,Artifact inventory/availability/channel actions,Semantic interactive/state behavior,CSS/SVG as needed,CANONICAL-CODE-OWNED,IMPLEMENT IN CODE,Approved desktop/mobile specimens,"Phase 8 advanced: Outfitters discovery is derived from canonical Surface placements and Artifact records; acquisition actions render only from separate approved availability/channel records. Current honest state exposes no channels, prices, urgency or atmospheric merchandise as inventory. Code-owned work remains tracked in this category until the implementation program closes."
FMD-CODE-RELATIONSHIP-001,,CODE,Artifact Surfaces,Relationship Surface,Responsive,Typed relationships and lineage markers,Semantic interactive/state behavior,CSS/SVG as needed,CANONICAL-CODE-OWNED,IMPLEMENT IN CODE,Approved desktop/mobile specimens,"Final systems pass advanced: a semantic Relationship Explorer renders canonical typed direction and provenance, resolves Person targets, and explicitly prevents relationship direction from transferring state, warrant or truth."
FMD-CODE-STATE-001,,CODE,Artifact Surfaces,State System,Responsive,Lifecycle/visibility/availability/warrant labels,Semantic interactive/state behavior,CSS/SVG as needed,CANONICAL-CODE-OWNED,IMPLEMENT IN CODE,Approved desktop/mobile specimens,"Do not flatten truth-bearing text, navigation, state, results, prices, relationships or controls into raster assets."
FMD-CODE-ERROR-001,,CODE,Global,Error Surface,Responsive,404/technical/unavailable/retry behavior,Semantic interactive/state behavior,CSS/SVG as needed,CANONICAL-CODE-OWNED,IMPLEMENT IN CODE,Approved desktop/mobile specimens,"Final systems pass advanced: semantic 404, unavailable and technical-fallback Surfaces preserve Room navigation, canonical identity and availability separation without flattened specimens."
FMD-CODE-MOTION-001,,CODE,Global,Experience Layer,Responsive,Hover/focus/tap/selected/motion/reduced-motion states,Semantic interactive/state behavior,CSS/SVG as needed,CANONICAL-CODE-OWNED,IMPLEMENT IN CODE,Approved desktop/mobile specimens,"Do not flatten truth-bearing text, navigation, state, results, prices, relationships or controls into raster assets."
FMD-CODE-RESPONSIVE-001,,CODE,Global,Presentation,Responsive,Picture/source switching and safe responsive composition,Semantic interactive/state behavior,CSS/SVG as needed,CANONICAL-CODE-OWNED,IMPLEMENT IN CODE,Approved desktop/mobile specimens,"Phases 2–9 advanced: responsive scene source selection is implemented for completed Surfaces; Meet DJ adds independent breakpoint-specific character scaling and positioning without baking identity into either scene master. Code-owned work remains tracked in this category until the implementation program closes."
FMD-CODE-SEO-001,,CODE,Global,External Surface,Responsive,Metadata/social preview/structured data generated from truth,Semantic interactive/state behavior,CSS/SVG as needed,CANONICAL-CODE-OWNED,IMPLEMENT IN CODE,Approved desktop/mobile specimens,"Final systems pass advanced: canonical URLs, Open Graph metadata, organization JSON-LD, sitemap, feed and robots sitemap discovery are generated from semantic site/page data; controlled and flattened references remain excluded."
FMD-NLR-EXPLORERENTRY-001,,SUPERSEDED,Cross-Studio,Prior Production Concept,N/A,Optional Explorer Entry character raster,None,No,NONCANONICAL-OR-UNNECESSARY,NO LONGER REQUIRED,Prior AAA master manifest,Base scene requires no character
FMD-NLR-EXPLORERMAIN-001,,SUPERSEDED,Cross-Studio,Prior Production Concept,N/A,Optional Main Studio Explorer raster,None,No,NONCANONICAL-OR-UNNECESSARY,NO LONGER REQUIRED,Prior AAA master manifest,Guide overlay is optional and not required for initial implementation
FMD-NLR-DJMEETING-001,,SUPERSEDED,Cross-Studio,Prior Production Concept,N/A,Optional Meeting Table DJ raster,None,No,NONCANONICAL-OR-UNNECESSARY,NO LONGER REQUIRED,Prior AAA master manifest,Presence overlay is optional and not required initially
FMD-NLR-CABINSMOKE-001,,SUPERSEDED,Cross-Studio,Prior Production Concept,N/A,Raster smoke layer,None,No,NONCANONICAL-OR-UNNECESSARY,NO LONGER REQUIRED,Prior AAA master manifest,Implement optional atmosphere in CSS
FMD-NLR-CABINGLOW-001,,SUPERSEDED,Cross-Studio,Prior Production Concept,N/A,Raster glow layer,None,No,NONCANONICAL-OR-UNNECESSARY,NO LONGER REQUIRED,Prior AAA master manifest,Implement static/motion-safe effect in CSS
FMD-NLR-TELESCOPE-001,,SUPERSEDED,Cross-Studio,Prior Production Concept,N/A,Transparent telescope cutout,None,No,NONCANONICAL-OR-UNNECESSARY,NO LONGER REQUIRED,Prior AAA master manifest,Keep telescope baked; use code overlay
FMD-NLR-DESK-001,,SUPERSEDED,Cross-Studio,Prior Production Concept,N/A,Transparent Desk/Now raster,None,No,NONCANONICAL-OR-UNNECESSARY,NO LONGER REQUIRED,Prior AAA master manifest,Use clean base plus code/data surface
FMD-NLR-MAP-001,,SUPERSEDED,Cross-Studio,Prior Production Concept,N/A,Raster Studio Map control,None,No,NONCANONICAL-OR-UNNECESSARY,NO LONGER REQUIRED,Prior AAA master manifest,Implement interactive map in HTML/SVG/CSS
FMD-NLR-ROOMOBJECTS-001,,SUPERSEDED,Cross-Studio,Prior Production Concept,N/A,Separate threshold/access-object rasters,None,No,NONCANONICAL-OR-UNNECESSARY,NO LONGER REQUIRED,Prior AAA master manifest,Use semantic overlays; visual objects may remain baked
FMD-NLR-UIRASTERS-001,,SUPERSEDED,Cross-Studio,Prior Production Concept,N/A,Individual badge/card/relationship/search state rasters,None,No,NONCANONICAL-OR-UNNECESSARY,NO LONGER REQUIRED,Prior AAA master manifest,Implement shared components in code
FMD-NLR-SOCIAL-001,,SUPERSEDED,Cross-Studio,Prior Production Concept,N/A,Dedicated raster requested before implementation,None,No,NONCANONICAL-OR-UNNECESSARY,NO LONGER REQUIRED,Prior AAA master manifest,Derive later from approved production assets
FMD-NLR-FALLBACK-001,,SUPERSEDED,Cross-Studio,Prior Production Concept,N/A,Dedicated fallback scene raster,None,No,NONCANONICAL-OR-UNNECESSARY,NO LONGER REQUIRED,Prior AAA master manifest,Semantic code fallback is sufficient
FMD-NLR-SWIRL-001,,SUPERSEDED,Cross-Studio,Prior Production Concept,N/A,Experimental circular/swirl mark,None,No,NONCANONICAL-OR-UNNECESSARY,NO LONGER REQUIRED,Prior AAA master manifest,Rejected and noncanonical
FMD-NLR-PETS-001,,SUPERSEDED,Cross-Studio,Prior Production Concept,N/A,Separate pet assets/variants,None,No,NONCANONICAL-OR-UNNECESSARY,NO LONGER REQUIRED,Prior AAA master manifest,No separate pet assets are required. Pets remain baked only in the approved Library scene and DJ-approved Meet DJ responsive likeness compositions; they are not recurring Studio mascots.
