frame_id,group,order,declared_path,source_sha256,replacement_evidence_path,replacement_evidence_sha256,production_path,production_sha256,status,notes
idle_01,idle,1,animations/idle/idle_01.png,bf7410cf0bf81ec337f2099cfc7ee0c1fbe24ffa9a673d8bd466900eccf46a40,,,frames/animations/idle/idle_01.png,83d9856f842c25231cc002011baf0e7461bd9a6b5d41164f5cc6fd1eafef4463,PRODUCTION_READY,Deterministically isolated and bottom-center registered; source pixels preserved
idle_02,idle,2,animations/idle/idle_02.png,2063be1cb728d8b1d450a8afeb7a5d2f967d979973f91e20383b9f4a09ff7636,,,frames/animations/idle/idle_02.png,d36588c2fc74cdf7cba59caad3fc4760aa586e2bcb1f3fb7bcdd7cebe2e01fec,PRODUCTION_READY,Deterministically isolated and bottom-center registered; source pixels preserved
idle_03,idle,3,animations/idle/idle_03.png,03cd2966bb101877db303d03865e8810e244f07a6f98efb33a61fb4fd4dff5e9,,,frames/animations/idle/idle_03.png,187917d62e4a520691b6c84c45dd2c3985ff4c2af4bb7d7b7a1814e3b3ed47b5,PRODUCTION_READY,Deterministically isolated and bottom-center registered; source pixels preserved
idle_04,idle,4,animations/idle/idle_04.png,f4da5d0851778b560ad6711923ec35572601cc8e7665334ed19db746a55f3211,,,frames/animations/idle/idle_04.png,eb897697450e540b61cafe33acfcabdba2e5dc15ff0fcecc12e9b382ac33973b,PRODUCTION_READY,Deterministically isolated and bottom-center registered; source pixels preserved
idle_05,idle,5,animations/idle/idle_05.png,1f98fd45b2fea3be624a4dfbf2a5f231062f973deb5e0fa2aa476afcb278b771,,,frames/animations/idle/idle_05.png,7680b0f7f2ea321caf00df00185625fa4502599aafb3b5f94808eabc5c93f79c,PRODUCTION_READY,Deterministically isolated and bottom-center registered; source pixels preserved
idle_06,idle,6,animations/idle/idle_06.png,f842c3dbbc3b4b025a19a2c9c790d9491dfd5e5dad702908ba1ae8f1dc416512,,,frames/animations/idle/idle_06.png,d801dfb823d3df132d6f6d28556069a24e1962c2caad93eb9d4273331bdd8981,PRODUCTION_READY,Deterministically isolated and bottom-center registered; source pixels preserved
idle_07,idle,7,animations/idle/idle_07.png,ffc1bc060174fe26df48ee1b76a30968785b7eec6040683720dc21a14a029653,,,frames/animations/idle/idle_07.png,d84e94405844b56b422ea14598f8336daa9d1bb73e0203a42df139dddcf60cf2,PRODUCTION_READY,Deterministically isolated and bottom-center registered; source pixels preserved
idle_08,idle,8,animations/idle/idle_08.png,2b62be13a2a3cc47d16f011d8cd3b32fdb4f52f70ca42720ff83a719e010291f,,,frames/animations/idle/idle_08.png,ce83ea2daa883efbe210d0c7576ea9127040513868c719576d2cbcfffbc33911,PRODUCTION_READY,Deterministically isolated and bottom-center registered; source pixels preserved
idle_09,idle,9,animations/idle/idle_09.png,4ceeba1465745daa3d179be4981fa94481b8b59e58922ff074f5e23896248ea9,,,frames/animations/idle/idle_09.png,3394b398306908f3e9a652394bf8a3b3d9892226a9fce02f9d9e3133dcbffb70,PRODUCTION_READY,Deterministically isolated and bottom-center registered; source pixels preserved
idle_10,idle,10,animations/idle/idle_10.png,556d043a3ff68abeeb6c1adcc6d61b27367742f0a22e6e2c4c2cb46b22d28825,,,frames/animations/idle/idle_10.png,a69ce5df2ad822764da79bac3066499ec7115c78555be761b94944047b7bd526,PRODUCTION_READY,Deterministically isolated and bottom-center registered; source pixels preserved
idle_11,idle,11,animations/idle/idle_11.png,4d4feaaa0afbc13c696bfc327606a231e5699cee90eaa2996c3a8dbf9d644566,,,frames/animations/idle/idle_11.png,c3dadd28ffaf8f83d406038e618f3b034bf8987e0dfc3b3a7c79360c47f22ffc,PRODUCTION_READY,Deterministically isolated and bottom-center registered; source pixels preserved
idle_12,idle,12,animations/idle/idle_12.png,129425c21ba8c4d050dd3cbcb7809eccd1e42d35f9dc02de64bd9eae780b2448,,,frames/animations/idle/idle_12.png,c8c2b17a3fad7e4e9b33219e818cc4db0d8e528d03fd6047cc2ad38fd5135834,PRODUCTION_READY,Deterministically isolated and bottom-center registered; source pixels preserved
wave_01,wave,1,animations/wave/wave_01.png,37912c2344f261d15aeb86cc8b86121237fb9cd825f3ae418c264b8a7fab6736,,,frames/animations/wave/wave_01.png,787616f571392131a6f1fff697f2f1bb78449f866299265b3211972a20b5c9e5,PRODUCTION_READY,Deterministically isolated and bottom-center registered; source pixels preserved
wave_02,wave,2,animations/wave/wave_02.png,4316917568adb4a7d41adab2d0f850f419f544a23df38d605f18b8425be758d0,,,frames/animations/wave/wave_02.png,7773e1056271885ee7ba82b941a0d2189f4c447befa473442a735e7759849508,PRODUCTION_READY,Deterministically isolated and bottom-center registered; source pixels preserved
wave_03,wave,3,animations/wave/wave_03.png,e6b32b01c56f45533beb086b1f06283eeae7d840b3a00f66261a1b6b0024acb9,,,frames/animations/wave/wave_03.png,f9b132e37269be8073f5b5db6931d5ef727996a4536577259693e01278ef82a2,PRODUCTION_READY,Deterministically isolated and bottom-center registered; source pixels preserved
wave_04,wave,4,animations/wave/wave_04.png,deea8e491ca178611c296ead214240dbb9a8338258a794aaf226e85a5f901862,,,frames/animations/wave/wave_04.png,8eab2555df56f2e6832b7f8c8ca8cac772d52b46e8939a598f2c4d126b720919,PRODUCTION_READY,Deterministically isolated and bottom-center registered; source pixels preserved
wave_05,wave,5,animations/wave/wave_05.png,9e67304f4f59825b0246d277f0cccbd33395fd9107dd03a4dce3912236f2f79a,../Explorer DJ Regeneration Pack v1.1/Explorer_DJ_Regeneration_Pack_v1_1/wave_05.png,56e03d22e0dd97f47d43eefe19a36b9957cc5638a2089a1c6dcd2373e3c2cac1,,,REQUIRES_REGENERATION,Raised hand clipped at source extraction boundary
wave_06,wave,6,animations/wave/wave_06.png,7347d3018b97263307db420a3cef163d479ceb6383b54da8328aca365b047b20,../Explorer DJ Regeneration Pack v1.1/Explorer_DJ_Regeneration_Pack_v1_1/wave_06.png,af8fccf3d8b0c11766a189716ec89f18d3226723ef732b71878640feaa6c22be,,,REQUIRES_REGENERATION,Raised hand clipped at source extraction boundary
wave_07,wave,7,animations/wave/wave_07.png,622dc323bc64e67af80515a1c570c9e6ab5b79a7d03edf5140810a93ef785f1f,../Explorer DJ Regeneration Pack v1.1/Explorer_DJ_Regeneration_Pack_v1_1/wave_07.png,a2e541714bd1d2395a79c08d041f1a3fedc6697e64884d0966a4d442bb2e437a,,,REQUIRES_REGENERATION,Raised hand clipped at source extraction boundary
wave_08,wave,8,animations/wave/wave_08.png,1586565d6c0d2dcce48c12980a9e8136d7edf87246fef549fcca80352f3f4426,../Explorer DJ Regeneration Pack v1.1/Explorer_DJ_Regeneration_Pack_v1_1/wave_08.png,8ab38c4a68412388da60cd095e3503d886ec552d3c56afb22e45c59dcef049b0,,,REQUIRES_REGENERATION,Raised hand clipped at source extraction boundary
point_01,point,1,animations/point/point_01.png,10d2f6a5f0c588cdf076dae097420851728cbc2c2ce614ec61554bf6d9754ac3,,,frames/animations/point/point_01.png,d2ce639ef9fdfab4d4898601a632a709e4b84504426c725c3fec7145feab6727,PRODUCTION_READY,Deterministically isolated and bottom-center registered; source pixels preserved
point_02,point,2,animations/point/point_02.png,3118877b9252d9f553773f79408f43ec1e38077926c7f80315802fd3daa7c182,,,frames/animations/point/point_02.png,a0e2c8f76e6ddb4e81945bbe7243806aee7e45107508fb02d1a2ed747281cff3,PRODUCTION_READY,Deterministically isolated and bottom-center registered; source pixels preserved
point_03,point,3,animations/point/point_03.png,d2fdd49247bd1bc023593519dde878c3f0a0c9c06cde30e07d2e7b9397db3c65,,,frames/animations/point/point_03.png,aa4883b686c9a1ed27daf6422d0a0a109c1d822261b5195fd9e562478b59ebb6,PRODUCTION_READY,Deterministically isolated and bottom-center registered; source pixels preserved
point_04,point,4,animations/point/point_04.png,fea5cbee267d40fa8185518d46ca0e1d812322c1af49dfacd3892632fe83260f,,,frames/animations/point/point_04.png,be4958f670a2d54b8b49777dc3d2e05ab1e55c5901e1448911a7d1ea89693225,PRODUCTION_READY,Deterministically isolated and bottom-center registered; source pixels preserved
point_05,point,5,animations/point/point_05.png,9c22270eac5da54063b522df50da264359b88a3f5b0618a7cf72d77aabe84e0a,,,frames/animations/point/point_05.png,8ad03ec02def93be113b6958ca1a53a28ad7d4b39c0b66c0a27c39b2d3f00a3d,PRODUCTION_READY,Deterministically isolated and bottom-center registered; source pixels preserved
point_06,point,6,animations/point/point_06.png,ed5b16e9a6c3cf27304352611d74a9df5b3aa7831aa6b38521558f3837fb522d,,,frames/animations/point/point_06.png,c422d0fa12465b4650b54e6f225f1e56fb207a262d3f5a3b4a55f224ac84a66b,PRODUCTION_READY,Deterministically isolated and bottom-center registered; source pixels preserved
blink_01,blink,1,animations/blink/blink_01.png,644b3f9809b7e88afe9bf225894d1a8654c28de37fe083e3d34a10708ec042f5,,,frames/animations/blink/blink_01.png,e2a36a3f3437fddaf49484cec5188765ae13347808924b5ec113004424f3f8c5,PRODUCTION_READY,Deterministically isolated and bottom-center registered; source pixels preserved
blink_02,blink,2,animations/blink/blink_02.png,44e539c14be0b60dcfca91b0bdb0776c486d63a9f8b26f6f137c12361f7c8c98,,,frames/animations/blink/blink_02.png,d07f2f1186e9ff847f4c233ba9391ab69ce6254aea4ecf334c0f60031e4eae20,PRODUCTION_READY,Deterministically isolated and bottom-center registered; source pixels preserved
blink_03,blink,3,animations/blink/blink_03.png,ddbaa58e17ad1035ccf6feecc74f7864e0c98826027fbcae679d933595f4c63c,,,frames/animations/blink/blink_03.png,858dbc1604b48996063243087be22aaad09fceb0d8af71062ea396f053f2a67f,PRODUCTION_READY,Deterministically isolated and bottom-center registered; source pixels preserved
blink_04,blink,4,animations/blink/blink_04.png,,../Explorer DJ Regeneration Pack v1.1/Explorer_DJ_Regeneration_Pack_v1_1/blink_04.png,dd31badde2321603e00148898838e41ec08b20a8444ab480f18b5d550e0fca99,,,REQUIRES_REGENERATION,Empty 0-byte source; no approved pixel payload to repair
blink_05,blink,5,animations/blink/blink_05.png,47c4fc6f9220ad85ec83b342d7c960f8c78d8becd4c7d542e036d8a291be6390,,,frames/animations/blink/blink_05.png,9eff0e7813c01f2e08acc0aff286cfd4b00fed60e0dcb458d0ab3e2cc3223340,PRODUCTION_READY,Deterministically isolated and bottom-center registered; source pixels preserved
blink_06,blink,6,animations/blink/blink_06.png,e41363f36c3579d425a1cf20547b58bc86075e21c87bd4035ca2c780085a1a75,,,frames/animations/blink/blink_06.png,9f0d9459f01b80335d846883b5e87356b7a0b49babde7140d9f464078de48c99,PRODUCTION_READY,Deterministically isolated and bottom-center registered; source pixels preserved
head_turn_01,head_turn,1,animations/head_turn/head_turn_01.png,0632235c74cabb5d140796d16d6493adaa528116c4c03a973ee39c8ad245eb3c,,,frames/animations/head_turn/head_turn_01.png,9a5a9c80570f659ddf7270c6828b81f072d334a6908ba00d88dc241b02cd865f,PRODUCTION_READY,Deterministically isolated and bottom-center registered; source pixels preserved
head_turn_02,head_turn,2,animations/head_turn/head_turn_02.png,d2954a0bac8bcbef7116c209d3b68a37f3bb89d6930ab7bf9ddc338c65b0192c,,,frames/animations/head_turn/head_turn_02.png,0ae16bef6c9114d49bb105a4a3e45c6660c87f3afb1f96c3f44d0335b9118f54,PRODUCTION_READY,Deterministically isolated and bottom-center registered; source pixels preserved
head_turn_03,head_turn,3,animations/head_turn/head_turn_03.png,1ff87caaba1528fbbc2d71a363fd44ab9277ce62a874bcb0fb668f0edeccc57f,,,frames/animations/head_turn/head_turn_03.png,0fe89901c3ec10b1cccdd0dfeaf1c2963e818efd1fbbc695465706e8d2b8f791,PRODUCTION_READY,Deterministically isolated and bottom-center registered; source pixels preserved
head_turn_04,head_turn,4,animations/head_turn/head_turn_04.png,8eacda4d333a88268792e0bfb7a09c5e738247c06a2cae5d08cf5698a4496809,../Explorer DJ Regeneration Pack v1.1/Explorer_DJ_Regeneration_Pack_v1_1/head_turn_04.png,04339e2d00169db1f9cf64314305ef6bd76271b51668b8149e338b130bc0c265,,,REQUIRES_REGENERATION,Face/head clipped at source extraction boundary
head_turn_05,head_turn,5,animations/head_turn/head_turn_05.png,288d2bea1a8373013324495cef20bf85802c1cb327059681d4a4374e30447cd1,../Explorer DJ Regeneration Pack v1.1/Explorer_DJ_Regeneration_Pack_v1_1/head_turn_05.png,86a21673f1381ffad35a7e12e0a9aeecf1decd7bc71bbdb8c995c447dcbf505b,,,REQUIRES_REGENERATION,Face/head clipped at source extraction boundary
head_turn_06,head_turn,6,animations/head_turn/head_turn_06.png,032e8914aa05240a0c112ae1c376ced1352e42e73391ad492efc73a66d07a05f,../Explorer DJ Regeneration Pack v1.1/Explorer_DJ_Regeneration_Pack_v1_1/head_turn_06.png,1f6a8b1c951ad79246b05b2bfd4d343a6d1411f5166690b1f4d738fe7c5e23dd,,,REQUIRES_REGENERATION,Face/head clipped at source extraction boundary
head_turn_07,head_turn,7,animations/head_turn/head_turn_07.png,02dd8185175cbe3a1601ab2f680e6f89599a09e99eadf5e7c2c07e45f297fb68,,,frames/animations/head_turn/head_turn_07.png,f8f5baf45a4455b8ecdd331bcc80cc3873438c3d6500c44c0f2287ef8449f9ae,PRODUCTION_READY,Deterministically isolated and bottom-center registered; source pixels preserved
head_turn_08,head_turn,8,animations/head_turn/head_turn_08.png,0a0672de215c3429f07448f3db17e065e409ca3c03ff7c1f53530131b0ff0be0,,,frames/animations/head_turn/head_turn_08.png,9dd8ada4e8d08a829a14aae0f5dbb12ba7324f6bba7cb51f07a02c111ea3c17b,PRODUCTION_READY,Deterministically isolated and bottom-center registered; source pixels preserved
expression_01,expressions,1,poses/expressions/expression_01.png,544b8b8335ddcffa1a40033ee8dbd2b9c95071b81711ca7127d8f47310c57bf8,,,frames/poses/expressions/expression_01.png,8cc170dcfcb23573d48600270d35994d31d5b08b602756e924624baf5f05a2ce,PRODUCTION_READY,Deterministically isolated and bottom-center registered; source pixels preserved
expression_02,expressions,2,poses/expressions/expression_02.png,64c6fa70b33da7cb1014cd5342215ae07a6ca781bd05197272a8ae4cbeed9baa,,,frames/poses/expressions/expression_02.png,511609f2bb3dcec79377227745abc777ea930973cecde6e20f9b0aff883c9a22,PRODUCTION_READY,Deterministically isolated and bottom-center registered; source pixels preserved
expression_03,expressions,3,poses/expressions/expression_03.png,c993faa2d3bdc72dd2871eeb2030897af9e5391b7330f9947415496e6600a32a,../Explorer DJ Regeneration Pack v1.1/Explorer_DJ_Regeneration_Pack_v1_1/expression_03.png,855272bda3f229b2a6dc0f497f727fc138927c4fb345ba606f3786eea3c2b572,,,REQUIRES_REGENERATION,Head clipped at source extraction boundary
expression_04,expressions,4,poses/expressions/expression_04.png,e6852507faa934e95c80be644fdb6d8a789b6e80326630ee2abdc8b55022ebf6,,,frames/poses/expressions/expression_04.png,5119f45a8f9108864a61a7109e92e976ef921d4a740673ea8e3d594eb0e0eec4,PRODUCTION_READY,Deterministically isolated and bottom-center registered; source pixels preserved
expression_05,expressions,5,poses/expressions/expression_05.png,5b34545cde8d518df96a6a313a12401ba657dae6d6748922b12822f9fc1ea2ab,,,frames/poses/expressions/expression_05.png,034c1595e1b6c13691306b195b130a1e932f609b144a03a9c5259beb2b4383d8,PRODUCTION_READY,Deterministically isolated and bottom-center registered; source pixels preserved
expression_06,expressions,6,poses/expressions/expression_06.png,c28572f8013b6f45cca2cbb3210bfe4fa4133265217b7f786cf18956d925b875,,,frames/poses/expressions/expression_06.png,905297baabd8880fef222e08142b00ced7052bad7d212374f96258aba70fc16d,PRODUCTION_READY,Deterministically isolated and bottom-center registered; source pixels preserved
expression_07,expressions,7,poses/expressions/expression_07.png,592585719930fa0e4cc4c70eb01f4bc151a35fc251869901d4403bd56d879787,../Explorer DJ Regeneration Pack v1.1/Explorer_DJ_Regeneration_Pack_v1_1/expression_07.png,3a6321e23d699911d7dd7961e025cfb77b5234e3dd0d92aa3e81c6dbb4ee3f49,,,REQUIRES_REGENERATION,Head clipped at source extraction boundary
pose_01,useful,1,poses/useful/pose_01.png,83dcf4ca2d19f016555c01661f80ade700018d66257db2dfbf79c589043d9e2f,,,frames/poses/useful/pose_01.png,3f3602da1bb649bd2b7c0ff78cdf7714e4ccf9a91821aa9b2bda6031c3e630a4,PRODUCTION_READY,Deterministically isolated and bottom-center registered; source pixels preserved
pose_02,useful,2,poses/useful/pose_02.png,b33c943adde103e35f2c79622037947f63d29f0a6c9828e6d69e2757c13542ba,,,frames/poses/useful/pose_02.png,643ebe72f528bbf79c1e5a41cea4242da9d797242dfcce9574a9cfab7d2de95b,PRODUCTION_READY,Deterministically isolated and bottom-center registered; source pixels preserved
pose_03,useful,3,poses/useful/pose_03.png,7da63e88948fb833fbb8890164c46039ae7db096057937867c6c011dd1103cf8,../Explorer DJ Regeneration Pack v1.1/Explorer_DJ_Regeneration_Pack_v1_1/pose_03.png,aae1c56261b6332f46c973621258aef4f09d6b49ca086f62f24d744690a8a992,,,REQUIRES_REGENERATION,Opaque source-sheet residue intersects subject crop
pose_04,useful,4,poses/useful/pose_04.png,3db63ff7dae6e94f78bd0b5233d5029f67a5053d185f58f850116bf655fe4493,,,frames/poses/useful/pose_04.png,25963090bc078722eda0bd133c8063d270fcae36175b6a1abffd14e304c660d2,PRODUCTION_READY,Deterministically isolated and bottom-center registered; source pixels preserved
pose_05,useful,5,poses/useful/pose_05.png,622126148f31688fe8726f1fb24a8e6fd39478304e942f4bb88cb16dfb224c56,../Explorer DJ Regeneration Pack v1.1/Explorer_DJ_Regeneration_Pack_v1_1/pose_05.png,2d21f2aa5c51b5e90f0f641174a0f22d91a16be93e9b649ed960bcd6de82175f,,,REQUIRES_REGENERATION,Opaque checker/background residue intersects legs
