source_frame,source_sha256,derivative_filename,dimensions,format,byte_size,sha256,intended_use
frames/animations/idle/idle_01.png,83d9856f842c25231cc002011baf0e7461bd9a6b5d41164f5cc6fd1eafef4463,FMD_CHAR_EXPLORERENTRY_DJ_IDLE_F01_320W_v001.webp,320x320,WEBP,12396,f3ee1a2a41e405492dc249d3ef9f653dc239e54c6dea1506464478d738595c13,mobile/1x or compact character
frames/animations/idle/idle_01.png,83d9856f842c25231cc002011baf0e7461bd9a6b5d41164f5cc6fd1eafef4463,FMD_CHAR_EXPLORERENTRY_DJ_IDLE_F01_512W_v001.png,512x512,PNG,150950,bab0e1ad3e1d5efa2a24bd6f062b8a38ef7ba5a6bd7177acc06ad92924cd8bb1,mobile high-density and tablet
frames/animations/idle/idle_01.png,83d9856f842c25231cc002011baf0e7461bd9a6b5d41164f5cc6fd1eafef4463,FMD_CHAR_EXPLORERENTRY_DJ_IDLE_F01_512W_v001.webp,512x512,WEBP,21520,650bdaab8966a4d674b8e1b4c3c34b38ed23aa9dc9d24ed608a84c9fd8584b1d,mobile high-density and tablet
frames/animations/idle/idle_01.png,83d9856f842c25231cc002011baf0e7461bd9a6b5d41164f5cc6fd1eafef4463,FMD_CHAR_EXPLORERENTRY_DJ_IDLE_F01_768W_v001.webp,768x768,WEBP,34498,015cd215c50025ed15fc7908590ea6d2dac4b81706111fc4c19618175514aff9,desktop/high-density
frames/animations/idle/idle_02.png,d36588c2fc74cdf7cba59caad3fc4760aa586e2bcb1f3fb7bcdd7cebe2e01fec,FMD_CHAR_EXPLORERENTRY_DJ_IDLE_F02_320W_v001.webp,320x320,WEBP,10830,8fdd4592999c893faf356b08f4234e7b581398bdc537bfc03d70ecb3a30dc3fd,mobile/1x or compact character
frames/animations/idle/idle_02.png,d36588c2fc74cdf7cba59caad3fc4760aa586e2bcb1f3fb7bcdd7cebe2e01fec,FMD_CHAR_EXPLORERENTRY_DJ_IDLE_F02_512W_v001.webp,512x512,WEBP,18986,19a30cb9383dae431cdd46d1e95e6bc3adf01389b69057209271ec3434f04137,mobile high-density and tablet
frames/animations/idle/idle_02.png,d36588c2fc74cdf7cba59caad3fc4760aa586e2bcb1f3fb7bcdd7cebe2e01fec,FMD_CHAR_EXPLORERENTRY_DJ_IDLE_F02_768W_v001.webp,768x768,WEBP,30530,db583dbadb7caead1d205db2942f74e906a3bd1b6488161d3066a5a257bc1db1,desktop/high-density
frames/animations/idle/idle_03.png,187917d62e4a520691b6c84c45dd2c3985ff4c2af4bb7d7b7a1814e3b3ed47b5,FMD_CHAR_EXPLORERENTRY_DJ_IDLE_F03_320W_v001.webp,320x320,WEBP,10974,330570d8c25ce6f059bd88d69f605018cda3f442b4aa07b525a26d3bfb13fc06,mobile/1x or compact character
frames/animations/idle/idle_03.png,187917d62e4a520691b6c84c45dd2c3985ff4c2af4bb7d7b7a1814e3b3ed47b5,FMD_CHAR_EXPLORERENTRY_DJ_IDLE_F03_512W_v001.webp,512x512,WEBP,19012,2602027bb9e2756a3ebabe935ed51cb8249248cfdf8578ff75396b3cffaa6d50,mobile high-density and tablet
frames/animations/idle/idle_03.png,187917d62e4a520691b6c84c45dd2c3985ff4c2af4bb7d7b7a1814e3b3ed47b5,FMD_CHAR_EXPLORERENTRY_DJ_IDLE_F03_768W_v001.webp,768x768,WEBP,30852,335bc37aa8b981f05c01eddc8f267b53c8caf710d9c9e747e76a60a98137a692,desktop/high-density
frames/animations/idle/idle_04.png,eb897697450e540b61cafe33acfcabdba2e5dc15ff0fcecc12e9b382ac33973b,FMD_CHAR_EXPLORERENTRY_DJ_IDLE_F04_320W_v001.webp,320x320,WEBP,8822,c201cc0f35489cc61e3657b39c051a77694879c12f1ea66895f283b3e861af4f,mobile/1x or compact character
frames/animations/idle/idle_04.png,eb897697450e540b61cafe33acfcabdba2e5dc15ff0fcecc12e9b382ac33973b,FMD_CHAR_EXPLORERENTRY_DJ_IDLE_F04_512W_v001.webp,512x512,WEBP,15678,6884fe3e55234b18bb6d608cb648f595b80500dd4ff8785ef943ac1993a142fe,mobile high-density and tablet
frames/animations/idle/idle_04.png,eb897697450e540b61cafe33acfcabdba2e5dc15ff0fcecc12e9b382ac33973b,FMD_CHAR_EXPLORERENTRY_DJ_IDLE_F04_768W_v001.webp,768x768,WEBP,24936,576fbdc8e2479181891e8c117ca1a47cdc925c4530b77e3a1a14230999331d0b,desktop/high-density
frames/animations/idle/idle_05.png,7680b0f7f2ea321caf00df00185625fa4502599aafb3b5f94808eabc5c93f79c,FMD_CHAR_EXPLORERENTRY_DJ_IDLE_F05_320W_v001.webp,320x320,WEBP,10754,17588c98dc4d939d294797c5088f4d038020b05125e922479375b97cecd3fe81,mobile/1x or compact character
frames/animations/idle/idle_05.png,7680b0f7f2ea321caf00df00185625fa4502599aafb3b5f94808eabc5c93f79c,FMD_CHAR_EXPLORERENTRY_DJ_IDLE_F05_512W_v001.webp,512x512,WEBP,19360,08a14fa0b67abe05db0fd90207978fe79b13f81877c5d998dbfbff32116c9a21,mobile high-density and tablet
frames/animations/idle/idle_05.png,7680b0f7f2ea321caf00df00185625fa4502599aafb3b5f94808eabc5c93f79c,FMD_CHAR_EXPLORERENTRY_DJ_IDLE_F05_768W_v001.webp,768x768,WEBP,30464,f06fe7cc9a62583607e824bca0cf1240cc7f73ebf4d51e8d59abd0e642b5e866,desktop/high-density
frames/animations/idle/idle_06.png,d801dfb823d3df132d6f6d28556069a24e1962c2caad93eb9d4273331bdd8981,FMD_CHAR_EXPLORERENTRY_DJ_IDLE_F06_320W_v001.webp,320x320,WEBP,10868,e9f658b4b8fc1f4b64d20c0e71c54b7c765700ee8d66a5da3c976635d9201d67,mobile/1x or compact character
frames/animations/idle/idle_06.png,d801dfb823d3df132d6f6d28556069a24e1962c2caad93eb9d4273331bdd8981,FMD_CHAR_EXPLORERENTRY_DJ_IDLE_F06_512W_v001.webp,512x512,WEBP,19034,791cbb848ef494ccd2d66304b743e29ab33c1fdabda56d2abadffefde0b0f21d,mobile high-density and tablet
frames/animations/idle/idle_06.png,d801dfb823d3df132d6f6d28556069a24e1962c2caad93eb9d4273331bdd8981,FMD_CHAR_EXPLORERENTRY_DJ_IDLE_F06_768W_v001.webp,768x768,WEBP,30250,c6c20fc9e59c9cede53eefbb2a9d2e8ad574a507d531daa6e8dd1cbdfa5efe69,desktop/high-density
frames/animations/idle/idle_07.png,d84e94405844b56b422ea14598f8336daa9d1bb73e0203a42df139dddcf60cf2,FMD_CHAR_EXPLORERENTRY_DJ_IDLE_F07_320W_v001.webp,320x320,WEBP,12102,8e269445d1e348cf052921ac1c1a842e2e41e603c422771513d5585cd8530486,mobile/1x or compact character
frames/animations/idle/idle_07.png,d84e94405844b56b422ea14598f8336daa9d1bb73e0203a42df139dddcf60cf2,FMD_CHAR_EXPLORERENTRY_DJ_IDLE_F07_512W_v001.webp,512x512,WEBP,21350,c386fd4252eb6c7ac36d83a559ccb7b99e5e62dab8721f6892c1434987bd7a13,mobile high-density and tablet
frames/animations/idle/idle_07.png,d84e94405844b56b422ea14598f8336daa9d1bb73e0203a42df139dddcf60cf2,FMD_CHAR_EXPLORERENTRY_DJ_IDLE_F07_768W_v001.webp,768x768,WEBP,34506,8214b6bcef499319fe57bf9648a547d4b2e46acbba475672454b45eb9cbdcf49,desktop/high-density
frames/animations/idle/idle_08.png,ce83ea2daa883efbe210d0c7576ea9127040513868c719576d2cbcfffbc33911,FMD_CHAR_EXPLORERENTRY_DJ_IDLE_F08_320W_v001.webp,320x320,WEBP,11170,823faa1addac652ecdcae1095ec2df304c0f7012d4ebf8ca553c7eaad6dcca64,mobile/1x or compact character
frames/animations/idle/idle_08.png,ce83ea2daa883efbe210d0c7576ea9127040513868c719576d2cbcfffbc33911,FMD_CHAR_EXPLORERENTRY_DJ_IDLE_F08_512W_v001.webp,512x512,WEBP,19748,0bcbe4dfb86ea46f5986eaf4e59835e7c88903b61e5b59352f76f1851a6af1f6,mobile high-density and tablet
frames/animations/idle/idle_08.png,ce83ea2daa883efbe210d0c7576ea9127040513868c719576d2cbcfffbc33911,FMD_CHAR_EXPLORERENTRY_DJ_IDLE_F08_768W_v001.webp,768x768,WEBP,31386,dd6274c6d8f89916a63e525f56dc8f9b5402486f007875ed82896d62c6867ddf,desktop/high-density
frames/animations/idle/idle_09.png,3394b398306908f3e9a652394bf8a3b3d9892226a9fce02f9d9e3133dcbffb70,FMD_CHAR_EXPLORERENTRY_DJ_IDLE_F09_320W_v001.webp,320x320,WEBP,9480,13a6c90db82087e2e11749f79bc852d78a5243d32a75d54e6d55686e7201bf4e,mobile/1x or compact character
frames/animations/idle/idle_09.png,3394b398306908f3e9a652394bf8a3b3d9892226a9fce02f9d9e3133dcbffb70,FMD_CHAR_EXPLORERENTRY_DJ_IDLE_F09_512W_v001.webp,512x512,WEBP,16900,437d000a6176649f3a69217f1e00bd298a8ba47563a8fcc9f08b4c9e7df4f421,mobile high-density and tablet
frames/animations/idle/idle_09.png,3394b398306908f3e9a652394bf8a3b3d9892226a9fce02f9d9e3133dcbffb70,FMD_CHAR_EXPLORERENTRY_DJ_IDLE_F09_768W_v001.webp,768x768,WEBP,27234,9449b275d6214703c282f3ca077893802a4956dbfc533b797d0d7d89bece8e9d,desktop/high-density
frames/animations/idle/idle_10.png,a69ce5df2ad822764da79bac3066499ec7115c78555be761b94944047b7bd526,FMD_CHAR_EXPLORERENTRY_DJ_IDLE_F10_320W_v001.webp,320x320,WEBP,12062,90db65f070c592caa3774ae01eb77889b40601ad183f578f3a45d3bb9a939880,mobile/1x or compact character
frames/animations/idle/idle_10.png,a69ce5df2ad822764da79bac3066499ec7115c78555be761b94944047b7bd526,FMD_CHAR_EXPLORERENTRY_DJ_IDLE_F10_512W_v001.webp,512x512,WEBP,21122,7c0a111b9a1869bc7219f2f654ec8d1fe2a6611f5c1711b108a11ed77b6bde9a,mobile high-density and tablet
frames/animations/idle/idle_10.png,a69ce5df2ad822764da79bac3066499ec7115c78555be761b94944047b7bd526,FMD_CHAR_EXPLORERENTRY_DJ_IDLE_F10_768W_v001.webp,768x768,WEBP,33372,fb49fea62e4c4455940520c43f69756f19431026925e3d6a42c6bf5f696d8a96,desktop/high-density
frames/animations/idle/idle_11.png,c3dadd28ffaf8f83d406038e618f3b034bf8987e0dfc3b3a7c79360c47f22ffc,FMD_CHAR_EXPLORERENTRY_DJ_IDLE_F11_320W_v001.webp,320x320,WEBP,10948,9143d3e21676406771bbfdd0736d6efd2cda0bde0263256df70bf6c0c360d20a,mobile/1x or compact character
frames/animations/idle/idle_11.png,c3dadd28ffaf8f83d406038e618f3b034bf8987e0dfc3b3a7c79360c47f22ffc,FMD_CHAR_EXPLORERENTRY_DJ_IDLE_F11_512W_v001.webp,512x512,WEBP,19072,17acdb70e38c3b87af312974c28ae9e9f10005aa0d72e7043612b107abc21d6c,mobile high-density and tablet
frames/animations/idle/idle_11.png,c3dadd28ffaf8f83d406038e618f3b034bf8987e0dfc3b3a7c79360c47f22ffc,FMD_CHAR_EXPLORERENTRY_DJ_IDLE_F11_768W_v001.webp,768x768,WEBP,30350,61ff80187db1ec32f0c7fe54cb7a5caf9cab3f8fe31b5098ed47d5fe891d39f5,desktop/high-density
frames/animations/idle/idle_12.png,c8c2b17a3fad7e4e9b33219e818cc4db0d8e528d03fd6047cc2ad38fd5135834,FMD_CHAR_EXPLORERENTRY_DJ_IDLE_F12_320W_v001.webp,320x320,WEBP,11832,850041e1350003f53ce815cc6eb29c88c0ce6b05214ba7fa4e931ee1167fc105,mobile/1x or compact character
frames/animations/idle/idle_12.png,c8c2b17a3fad7e4e9b33219e818cc4db0d8e528d03fd6047cc2ad38fd5135834,FMD_CHAR_EXPLORERENTRY_DJ_IDLE_F12_512W_v001.webp,512x512,WEBP,21324,3def77ff8055059956d8a252777327b68b275f8d6c4806077229b583f6294e23,mobile high-density and tablet
frames/animations/idle/idle_12.png,c8c2b17a3fad7e4e9b33219e818cc4db0d8e528d03fd6047cc2ad38fd5135834,FMD_CHAR_EXPLORERENTRY_DJ_IDLE_F12_768W_v001.webp,768x768,WEBP,33662,10cb9c51e7339e7829c3e0c591f8b0bbc30148268d91a52710b5fda93ace81d7,desktop/high-density
